titles,category
탈모약  아직도 고민만 하고 계신가요   약 읽어주는 안경진 기자 ,Social
우리나라 주  시간제  트위터코리아 고용 중단 시킬까,Social
안산시 선부동 이사 무산된 조두순 어디로 위약금    만원 받아,Social
화물연대 총파업   만 천명 참여  정부는  엄정 대응 만 되풀이,Social
투신사고 방지  논란의 인천대교 드럼통,Social
법원  재차  정진상 구속 정당  무색해진 이재명  무검유죄 ,Social
한동훈  저질 음모론 부추긴 이재명 등 사과해야   김의겸은 법적책임  종합 ,Social
한동훈 장관  저질 음모론 부추긴 이재명 등에 사과 요구 김의겸 법적 책임져야 ,Social
유령직원 올려 고용보조금    경찰이 놓친   억  검찰이 찾아냈다,Social
주    회 무인텔에 쉬러 간다는 아내  나 못믿냐  되묻느데 어찌하리오,Social
검찰  강용석 자택 사무실 등 압수수색 정치자금법 위반 등,Social
 조두순  안산 떠나라   분노한 안산시 여성단체,Social
 영상  화물연대 오늘부터 무기한 총파업 정부와 강대강 대치,Social
박완수 도지사  윤 대통령에 경남 방산 정책현안 건의,Social
 르포 화물 파업 첫날   봉쇄 는 없었지만   일부 지역선 경찰과  충돌 ,Social
 정진상   공단 분리 초과이익 환수 삭제 편의 제공    구속영장 곳곳에서 이재명 겨눈 검찰,Social
검찰   경영권 부당 승계 의혹  허희수    부사장 소환,Social
헌재  아동 성적 학대 전과자 임용 제한한 국가공무원법 고쳐야 ,Social
대전동부서  중간서 돈 가로챈   대 보이스피싱 현금수거책 검거,Social
철도노조 태업에 무궁화호 등 열차   대 최장  시간   분 지연 종합 ,Social
헌재  아동 성적 학대 전과자 임용 제한한 국가공무원법 고쳐야 ,Social
대전동부서  중간서 돈 가로챈   대 보이스피싱 현금수거책 검거,Social
철도노조 태업에 무궁화호 등 열차   대 최장  시간   분 지연 종합 ,Social
 장애인 위해 써달라  청주시에  억원 현금다발 전달한   대 ,Social
화천군  이전  이기자 부대  지휘관에 명예군민패 전달,Social
군부대 만연한 불법 도박 휴대전화 사용 이후 급증,Social
 르포  적막감 감도는 의왕기지 멈춰선 트럭에 물류대란 현실화,Social
안전조치 안 해 노동자 추락사 법원  건설업체 대표 법정구속,Social
부산 광양항 화물노동자 수천명 집결 전국 물류  삐거덕   종합 보 ,Social
검찰   선거법 위반 혐의  강용석 자택 사무실 압색,Social
칠곡서 로또  등  장 무더기 당첨  럭키 칠곡 포즈  영향 ,Social
 선거브로커 연루 의혹  검찰  우범기 전주시장 불기소 처분,Social
정진상 구속적부심 청구 기각 구속 유지,Social
 대법관 공백    일 만에 채워져 멈춘 재판들 속도 내나,Social
조두순 결국 선부동으로 이사 접었다 향후 거처에 관심 종합 ,Social
검찰   정치자금법 위반  혐의 강용석 자택 사무실 압수수색,Social
 기자가 왜 대통령 전용기 타나  헌재  헌법소원 각하,Social
 이태원 국정조사 에 대검 포함   법조계  마약 단속도 못하는데 황당 ,Social
숭실대 신임 이사장에 오정현 사랑의교회 담임목사,Social
헌재  아동 성학대범 공무원 영구 임용제한은 헌법 불합치 ,Social
정부  이태원 참사 유족모임 마련 예정   추모 시설도 검토 ,Social
도이치모터스 김건희 공소시효    월 초 아닌  년 후,Social
 내부갈등  가세연  재판 변호도 따로 김세의 측  김용호 믿고 한 것 ,Social
 선처해주면 자랑스러운 아빠로  발언했던 국내 최대 성매매 사이트 운영자 최후,Social
 광명 세모자 살인  피의자  국민참여재판 신청,Social
대구 광주  공항 특별법  연내 제정 협력 달빛동맹 협약 종합 ,Social
 무책임한 정부 여당 더는 못참아  호남 물류대란 초읽기     명 총파업 돌입 화물연대 파업 ,Social
이 정도였어  김동연 지사가 신설한 경제부지사  혈세 매년  억 투입,Social
 코로나  년    대 우울감 급증  만성질환 비율도 증가,Social
학교비정규직 내일 총파업 울산 초중고   곳 급식 차질,Social
서울 호선 청라연장경인고속도로 지하화  증액  인천 교통 현안 해결,Social
 일단은 드릴게요  비닐봉지 금지 첫날   년 계도 에 곳곳 혼선,Social
대법  미성년 자녀 둔 성전환자 혼인 관계 아니면 성별 정정 허용 ,Social
     프레스룸          손흥민 출전 가능    화물연대 총파업    청담동 술자리 거짓말 ,Social
 월드컵 단체응원  전국   곳서  만여 명 집결 예상,Social
  개월 딸 시신  김치통  방치 친모 친정집 압색 사전영장 신청 예정,Social
검찰 계좌 추적 착수  이재명  현금 종이가방 관련  대장동 일당 돈 아냐  재산 신고했다 ,Social
 물류 멈춰 세상을 바꾸자   화물연대  전국서 총파업 돌입,Social
헌재  아동 성학대 전과자 공무원 직업군인 영구 임용 제한은 부당 ,Social
기상청 퇴직공무원  직원 자녀 장학금  억원 기부,Social
행안부  이태원 추모시설 검토 유족 원하면 명단공개 가능 ,Social
 오늘의 운세    월   일 금요일  음력   월  일    ,Social
검찰   서해 피격  대북안보라인 최고위직 서훈 전 실장 조사,Social
법원  정진상 구속적부심 기각 구속 유지,Social
헌재   기자가 왜 대통령 전용기 타나  헌법소원 각하,Social
     프레스룸   계약 파기하겠다 에 조두순 아내   배 돌려 달라 ,Social
머리뼈에 구멍  딸 시신  년 동안 김치통에 숨긴 친모  양육수당 부정수급도,Social
자율인 듯 자율 아닌  청계천 자율주행버스  아직은 난제,Social
헌재  육군훈련소 종교행사 참석 강제는 위헌 종교자유 침해 ,Social
검찰   정치자금법 위반  강용석 자택 사무실 압수수색,Social
 인천 층간소음 갈등    대  항소심도 징역   년 일가족 살인미수 혐의,Social
        와 벌인 민사소송  심  건  승소 ,Social
새벽 의식불명 빠진 누나 유산 다투던 동생이 땅에 머리 찧었다,Social
사기 주범까지 속이고     억 수입차 투자 사기범 추가 구속,Social
아동 성학대 전과 공무원  영구 임용제한 헌재  헌법 불합치 ,Social
    서해 피격  서훈 전 국가안보실장 소환 조사   박지원 조사도  초읽기 ,Social
조두순  이사 포기 보증금 위약금 돌려받아,Social
아동 성적 학대범  공무원 임용 영구 제한 헌재  부당  헌법불합치 결정,Social
화물연대는 왜 총파업에 돌입했을까 ,Social
 카메라 없는 길에세워달라  택시기사  전자발찌 훼손 도주범 검거 기여,Social
 후원금 유용 의혹  강용석 자택 가세연 사무실 등 압수수색,Social
신규 환자 목요일 기준   주 만에 최다    접종 확진   일 뒤 개량백신 가능 ,Social
      유공자 명단 공개 주장  홍준표  묘역 참배 취소,Social
 아내 두 아들 살해  남성  국민참여재판 신청,Social
 조두순 이사 막겠다  쇠창살 트럭까지 동원한 주민들,Social
한동훈  김의겸은 사과할 필요 없어  그 분은 책임을 지셔야 ,Social
우루과이전  카운트다운   광화문에  만    여명 모인다,Social
조두순  결국  위약금  받고 이사 포기 다른 지역으로 옮기나 ,Social
술 취한 채 지하철서   폭행 경찰  현역 공군대위 체포,Social
조주빈  징역  개월 추가   년  개월 복역 후 출소,Social
포항 철강공단 물류 차질 현실화 현대제철 포항공장 하루  천  출하 못해,Social
검찰  강용석 자택 압수수색 선거법 정치자금법 위반 혐의,Social
이호진 전 태광 회장   주식처분 명령 불복   심도 승소,Social
경찰     개월 딸 시신 김치통 은폐  친모 자택 친정집 압수수색,Social
경찰  긴급상황 보고 방식에 스마트폰 앱 시스템 도입한다,Social
대구지하철   년 만에 멈추나  노조    월  일 전면파업 예고,Social
박찬욱감독  강수연  대중문화예술상 은관문화훈장 수훈,Social
원치 않은 아이 출산 후 방치해 숨져  부모  항소심서도  집유 ,Social
화물연대 파업으로 충북 시멘트 출하     급감,Social
갓난아이 변기에서 죽게 한     항소심  집유  이유는 ,Social
   억 원 횡령  조국 전 장관  촌조카 장인  심도 집행유예,Social
만취 상태로 지하철역서 시민 폭행한 현역 공군 대위 체포,Social
폐배터리서 리튬만 쏙쏙 영풍  세계 최초  건식용융  재활용공장 가동,Social
돌봄 급식 종사자 내일 총파업  최대  만 명 참가 ,Social
오월단체 반발 때문  홍준표 시장     묘지 참배 돌연취소,Social
조두순 어디로 이사가나   안산지역 공인중개사 업계  초긴장 ,Social
허위 수사기록으로 특진까지    충주 경찰관 불구속 기소,Social
헌재   손글씨 피켓  낙선운동 처벌한 선거법 개정 필요 ,Social
화물연대 파업에 인천항 화물 반출입량     감소,Social
 축산 악취 때문에 못 살겠다  고통 토로하는 제주 주민들,Social
드론 한 번 뜨면 어린 묘목    그루가 순식간에 산 정상으로,Social
 치킨전쟁           상대 민사소송  심도 승소 배상액은 급감,Social
 보고서 삭제 지시  전 서울청 정보부장 조사    이임재 재출석,Social
 장애인 돕고 싶어  청주시에  억원 현금다발 전달한   대,Social
조두순  선부동 이사 못한다  계약파기  보증금 위약금 돌려받아,Social
한동훈  저질음모론 부추긴 이재명 등 사과하라 김의겸은 법적책임 ,Social
 선거비용 사적 남용 의혹  강용석 변호사 자택 압색 검찰  강제수사,Social
화물연대 파업 참여율      민노총  투쟁 승리  정부  정당성 없다 ,Social
 골로 간다 에 숨겨진 민간인 학살의 진실,Social
원희룡 국토교통부 장관  화물연대 파업 민생 경쟁 혈관 막는 것 ,Social
고양시  테슬라 제조공장 유치하겠다 ,Social
대전경찰   먹튀  의혹 스타일브이 오시싸 피해자 확보 주력,Social
편의점 비닐봉투 음식점 종이컵 사용 금지 첫 날  계도기간이니 신경 안 써 ,Social
제주       도시기본계획  공청회  제 공항 기정사실화  반발도,Social
검찰  후원금 유용 의혹  강용석 변호사 자택 사무실 등 압수수색,Social
 이재명 최측근  정진상 구속적부심 기각 검찰 수사 탄력,Social
골프장 대표에게    만 원 상품권 받은 경찰 간부 실형 구형,Social
           소송전   영업비밀 침해  불인정  손해배상액 줄어 종합 ,Social
이태원 참사에 소상공인 매출     감소  서울시    억 긴급지원,Social
헌재  육군훈련소 장병에 종교행사 참석 강제는 위헌 ,Social
아동 성범죄 전력있어도 공무원 가능  헌재  영구임용 제한 안돼 ,Social
 세번째 아시아 이변 주인공은 손흥민  동북고 선배의 기도,Social
용산 양산  집회금지  맞바꿔  기본권 후퇴  민주당 손쉬운 선택,Social
대법원  미성년 자녀 있는 성전환자도 성별 정정 가능 ,Social
대법  토지보상금 압류 추심 명령있어도 증액 소송 가능 ,Social
검찰  선거법 정치자금법 위반 혐의 강용석 자택 등 압수수색,Social
서울 호선 청라연장 경인고속도로 지하화  증액 ,Social
헌재  지방의원 후원회 금지 정치자금법  조  차별 ,Social
심폐소생술로   대 승객 생명 구한 부산 시내버스 기사,Social
 갭 투자  악용해    억대 전세보증금 가로챈   대 구속,Social
수원시  내달  일부터  택시 부제  전면 해제   하루운행    대 증가,Social
헌재  육군훈련소 내 종교행사 강제는 위헌 ,Social
검찰  이재명 계좌 추적  대장동 비리  연루 정황 찾는다,Social
철도노조  준법투쟁  시작 열차 지연에 퇴근길  혼잡  우려,Social
대법  미성년 자녀 둔 성전환자  성별 변경  허용 ,Social
육군훈련소 종교행사 참석 강요는  위헌    개 종교 우대 ,Social
서울지하철도 준법투쟁 돌입 본교섭 결렬되면 총파업,Social
김만배 유동규  살가운 의형제 에서  살벌한 원수 될까,Social
정부 대출규제에 금리인상  월 강원 예금은행 가계대출 연중 최소,Social
      자랑스러운 성균언론인상    일 시상식 개최,Social
 프레스룸 날씨 일교차 큰 늦가을 내일 밤 중부 약한 비,Social
 단독 검찰   총수  세  허희수     부사장 소환    계열사 부당지원  조사,Social
특수본   정보 보고서  삭제 지시 의혹 경무관 첫 소환,Social
의식 잃은   대 승객    로 살린 부산 버스 기사,Social
전북기협  뼈를 깎는 자성과 반성의 기회로 삼겠습니다 ,Social
 자막뉴스  화물연대에 이어 감귤노조까지  감귤   만 톤 유통  비상 ,Social
밭일 나간 사이  대문없는 빈집 돌며  현금 금품 훔친   대 체포,Social
화물연대 총파업  화물기사 적정운임 보장  수송 가로막힌 기업들  발 동동 ,Social
위험한  칸디다균  요로감염   년새  배  요로 카테터 사용 영향 ,Social
   개월 딸 시신 김치통 보관  친모 자택 친정집 압수수색,Social
수원시  다음 달  일부터 택시부제 전면 해제,Social
  전자  가전  위  이끈 류재철 사장 승진   세 상무도 등장,Social
 교원 생활지도권 명시  법안심사 통과 교원단체  환영 ,Social
만취상태서 지하철 기다리는 여성 폭행한 공군 대위 체포,Social
민주노총 공공운수노조 화물연대  동해에서 출정식 갖고 총파업 돌입,Social
아동 성범죄자 조두순  위약금    만원 받고  이사 포기 ,Social
 이태원  추모시설 검토  유족 원하면 명단공개도 가능 ,Social
       손들어줬지만  가지급 받은    억 이자 합해    에 즉시 반환하라 ,Social
 아빠 가  엄마 됐다 미성년자녀 둔 성전환자  성별 변경  허용  가족의자격 ,Social
경찰   사과상자    개 전달 의혹  김미경 은평구청장 무혐의 결론,Social
검찰   후원금 유용 의혹  강용석 변호사 자택 등 압수수색,Social
내일 학교 급식 어떻게   비정규직 파업에 교육현장  비상 ,Social
충북 고속도로 터널서 잇단 추돌사고  명 부상,Social
광주 기아공장 광양항 화물운송 중단  안전운임  개로 확대해야 ,Social
 주홍글씨 벗는 사람들   한때 보이스피싱 가담    죄책감 크지만 성장해서 갚겠다 ,Social
대장동 관계자들의  이재명 의혹  관련 발언 믿을만한가   국민      신빙성 있어   민심레이더 ,Social
 골프장 예약 특혜에 상품권까지  인천 경찰간부에 징역  개월 구형,Social
 제 의 창신동 모자  비극 없게 복지 사각지대  해법은 ,Social
아동 성범죄자가 공무원 임용  헌재  금지 조항에  헌법불합치 ,Social
 남편은 회사원  조두순  위약금    만원 받고 이사 포기,Social
화물연대  무기한 총파업  출정식    물류대란 현실화,Social
이태원 참사 뒤 소상공인 매출      뚝  서울시  긴급 융자 지원,Social
헌재  아동 성학대범 공무원 군인 영구 임용 금지는 부당  종합 ,Social
 징역   년  받은 조주빈  강제추행  혐의는 징역  개월,Social
    년 초저출산 대한민국 아기 울음소리   만명  뚝 ,Social
지하철 기다리던  뒤통수  퍽  현역 장교  현행범 체포,Social
법원   심서도     손 들어줘    측 배상액 대폭 줄어,Social
헌재  아동 성적 학대 유죄라도 모든 공무직과 부사관 임명 금지는 과도 ,Social
한미약품 폐암신약  포지오티닙      허가 여부 오늘 판가름     바이오 ,Social
메신저피싱 수사받던   대 중국인  마약 투약  혐의 구속,Social
화물연대 총파업  일차    안전운임제 절대 사수 ,Social
민주노총 잇단 파업에 노 정 갈등 우려 노동개혁 차질 빚을수도,Social
     단체  홍준표 시장에  유공자 명단 공개  발언 사과 요구,Social
선거운동기간    광고물 게시   헌재  헌법 불합치 ,Social
정진상 구속 유지  속속 짜맞춰가는 대장동 수사 퍼즐,Social
 자영업자 라더니 강제로 일해라  정부  화물연대에  업무개시명령 검토 ,Social
 성범죄자  조두순  안산 선부동으로 이사 안한다,Social
주택    여 채 전세 보증금    억원 가로챈   대 구속,Social
급식카드 대폭 손질했지만 여전히 문전박대 당하는 결식 아동,Social
화물연대 파업  일차 되면  적치장 포화  기아 광주공장 올스톱 위기,Social
내일 학교비정규직 총파업 급식 돌봄 차질 우려,Social
 이재명 최측근  정진상 구속 유지 구속적부심 기각,Social
  사단  화천군과 마지막 석별의 정,Social
조두순 이사 무산  계약파기 위약금    만원 받아가,Social
조두순 부부  결국 선부동 이사 계획 접고 위약금    만원 받았다,Social
조폐공사  선동열 최동원 등 프로야구 레전드   인 우표 제작,Social
    단체  홍준표 대구시장 오월영령 참배 반대 ,Social
학사일정 남았는데 장애인 교사 보조   월에  뚝    학년말 피해 우려,Social
 중년여성이 청년에게 수천만원 건네  시민 신고에 출동해 보니,Social
 자막뉴스    억 들고 튄 건강보험공단 팀장   인터폴도 못 찾은 행방,Social
갓 출산한 아이 변기에 방치 살해   대 친모 항소심도 집유,Social
대법  토지보상금 압류 걸려도  증액 소송  가능 ,Social
현대제철 노조  게릴라 파업 유보 교섭 시작,Social
 현장르포   우왕좌왕  일회용품 규제 확대 첫날   계도기간 끝날 때까지는 안 지킬 것 ,Social
헌재  육군훈련소 종교행사 참석 강제는 위헌  종합 ,Social
충북 고속도로 터널서 교통사고 잇달아  명 다쳐 종합 ,Social
헌재   훈련소 내 종교행사 참석 강제 는 위헌    종교적 자유 침해 ,Social
 투기 의혹  등 논란 서경석 전북개발공사 사장  주만에 사퇴,Social
         상대 수천억 소송   심도 판정승,Social
신변보호 여성 정보  이석준에 넘긴 공무원  항소심서도 징역  년,Social
 이번 주 정점 지난다  잇따른 예측  그런데도  백신  강조하는 이유,Social
마약 베개 초콜릿으로 위장 반입한 불법체류자  징역  년,Social
 학생  교직원 인권 침해해선 안 돼  법에 명시한다,Social
아동 성학대범도 공무원 될 수 있다    헌재  과잉금지원칙 침해 ,Social
 보복 살인  이석준에 피해여성 주소 넘긴 공무원   심도 징역  년,Social
아내 두 아들 살해 후  기억상실  거짓 주장   대   국민참여재판 신청,Social
포근했던   월은 이제  끝  본격적인 겨울 기압계로 전환,Social
서울시  이태원 상인들에 금리    최대     만원 지원,Social
카타르 월드컵  첫 거리응원  경찰 소방  안전  만반의 준비,Social
코로나 이후  만성질환 증가  지속   대는 우울감 급증,Social
불법 고래 포획 선단 꾸려 밍크고래  마리 포경   대 선장  실형  년  개월 ,Social
자전거 슬쩍 하려던 도둑       관제 요원에 딱 걸려,Social
법원  정진상 구속 합당하다  적부심 기각 이재명 수사 속도내나,Social
예정된 거리응원 없는 제주   개 영화관에서  대 한민국 ,Social
정진상 수사 급물살 예상  법원  구속적부심 기각,Social
 남편은 회사원  속인 조두순 아내  결국 위약금 받고 이사 포기,Social
 서해 피격  서훈  검찰 출석 박지원도 조만간 조사할 듯,Social
 르포  포항제철소 복구현장  열연공장 완전 복구되면 정상화 현실화 될 것,Social
철도노조 태업에 무궁화호 등 열차  대 최대   분 지연,Social
 단독    강용석 자택 가세연 등 압색 선거비용 사적 사용 의혹,Social
 서해 피격  서훈  검찰 출석 박지원도 조만간 조사할 듯,Social
 르포  포항제철소 복구현장  열연공장 완전 복구되면 정상화 현실화 될 것,Social
철도노조 태업에 무궁화호 등 열차  대 최대   분 지연,Social
 단독    강용석 자택 가세연 등 압색 선거비용 사적 사용 의혹,Social
     단체  홍준표 부적절 발언 사과 요구  참배 막겠다 ,Social
골프장 대표에게    만원 상품권 받은 총경 실형 구형,Social
아동학대 전과자  공무원 부사관  임용 금지   헌재  공무담임권 침해 ,Social
고양시  추진중인  경제자유구역 에 테슬라 기가팩토리 건립 제안,Social
헌재  아동 성학대 전과자 공무원 영구 임용제한 부당 ,Social
    서해 공무원 피격  서훈 소환 조사 수사  부능선 넘었다,Social
화물연대 총파업에    만명 참여  모든 물량 봉쇄   종합 ,Social
만취 상태 지하철역서 시민 폭행 현역 공군 대위 체포,Social
  훈련소 종교행사 강제참석  위헌 헌재  종교 자유 침해 ,Social
광주신세계  백화점 확장 본격화  인근 상가 수십억 원에 매입,Social
신생아 변기물에 방치  숨지게 한   살차 부부 항소심도  집유 ,Social
김관용 민주평통 수석부의장  좌우 여야 갈등 넘어 통일 에너지 모을 것 ,Social
이재명 소환 초읽기     전방위 수사,Social
화물연대 파업에 포항공단 물류  스톱  현대제철  천  출하 못해,Social
이주호  교육감 총회 첫 참석  현장문제 함께 해결하자 ,Social
메신저피싱 수사받던   대 중국인  마약 정황 들통 구속,Social
 물류 멈추자    화물연대 부산서도 총파업 출정식,Social
 밥대신 빵으로  학교비정규직 파업에  급식차질  우려,Social
이호진 전 태광 회장   주식처분 명령 불복 소송   심서도 승소,Social
은빛 억새 물결 일렁이는 대명유수지  뉴시스    ,Social
 프로필  류재철   전자    사업본부장 사장,Social
 비닐봉지 안돼   그럼 물티슈는   헷갈린 일회용품 금지 첫날,Social
화물연대 대구경북지역본부  구미서 무기한 총파업 출정식 개최,Social
 성전환 아빠  성별 바꿀 수 있나  대법  변경 허락해야 ,Social
 영상   비둘기밥 주는 아랫집  피해 호소  살 아이 방에서 깃털도 나와,Social
 청계천 자율주행버스  운행시작 오세훈  과감한 도전  종합 ,Social
울산교육청  학교비정규직 총파업에 급식 돌봄 대책 마련,Social
헌재  지방의원은 후원회 둘 수 없도록 한 법 조항  헌법불합치 ,Social
 회삿돈 횡령 혐의  조국  촌 조카 장인  심도 집행유예,Social
시흥시  인간 자연 공존 가능   배곧대교 사업  기각에 유감,Social
 속보 헌재  아동 성학대 전과자 공무원 영구 임용제한은 부당 ,Social
지하철 공사장 인근에  푸드존  만든 광주 남구  개월 만에  휘청 ,Social
헌재  육군훈련소 내 종교행사 강제 참석은 위헌 종교의 자유 침해 ,Social
바닷물 여과해 하루      식수공급 완도에 해수담수화선박 투입,Social
홍대입구역서 여성  명 뒤통수  퍽  만취 공군 대위 체포,Social
 영상 장애물에 걸린 트럭  경찰 시민이  번쩍  막혔던 길 뚫렸다,Social
대법  혼인 중 아닌 성전환자 미성년 자녀 있어도 성별정정 가능  판례 변경,Social
 인천 층간소음 살인미수    대   심서도 징역   년,Social
집 계약만료 앞둔 조두순 이사 포기  보증 위약금 수령,Social
직업훈련 규제 걷어낸다     사전승인제도    년만에 폐지,Social
 단독  검찰   후원금 유용 의혹  강용석 변호사 자택 등 압수수색,Social
화물연대 총파업   년짜리 안전 그만     윤석열 정부는  불법엄단 ,Social
급증하는 청소년  극단 선택 에 정부  은둔 청소년 생활비 지원,Social
 소달구지로 시신   구 옮겨     태안민간인학살 생생한 증언 나왔다,Social
 청담동 술자리 의혹  첼리스트  거짓말했다 ,Social
화물차 기사들은 왜 파업을 할까,Social
경찰청  경찰병원 후보지 진해구 자은동 현장 실사,Social
화물연대  총파업  출정식   정부  업무개시명령 발동 검토 ,Social
코오롱  세 경영 속도 모빌리티 컨트롤타워,Social
 또 걸렸어   광주 재감염률 증가세   월        누적  만   여명,Social
남부내륙철도 기본 실시설계 유찰된     공구 낙찰자 선정,Social
헤어지자는 내연녀 살해하려 흉기 휘두른   대  실형  년 선고 ,Social
법원  정진상 적부심 기각   이재명 수사 가속화될 듯,Social
학교 비정규직 파업 충북    개교 급식 차질 우려,Social
차곡차곡 채워지는 구미  국가산단  입주 기업 신축공사 한창,Social
 유령 직원  내세워 고용 보조금   억 꿀꺽   일당  명 기소,Social
카타르 월드컵 승패 점수 돈 내기  도박일까  아닐까  ,Social
 아동 성적학대자 임용제한  조항 헌재  헌법불합치 ,Social
 이재명 최측근  정진상 적부심 기각 구속 유지,Social
 조선 도시  거제에 국내 최초 국제 공인  로터 세일  실증센터 선다,Social
 아동 성적학대 전과자 임용제한  국가공무원법 헌법불합치,Social
화물연대 총파업에 한숨 커진 경기지역 시멘트 레미콘 업계,Social
버스 멈추고 달려가     버스기사    대 노인 살렸다,Social
총파업 돌입한 화물연대  지역 경제 물류 대란 현실화 되나,Social
연내 안 팔면     세금폭탄  이것  담은 서학개미 날벼락,Social
헌재  아동 성희롱범  공무원 임용 영구 제한  헌법불합치 결정,Social
 손님이 불편 계도기간 그냥 쓸래요 편의점 비닐봉투 금지  유명무실 ,Social
 이재명 최측근  정진상 구속 유지 법원  구속 필요성 인정 종합 ,Social
  보  헌재  아동 성학대 전과자 공무원 영구 임용제한 부당 ,Social
칸디다균 요로감염   년새  배 껑충  혈류감염 땐 사망 위험 최대     높아 ,Social
헌재  아동 성희롱범 부사관 임용 제한  헌법불합치 ,Social
화물연대 부산서도 총파업 돌입 주요 항만서 집회 종합 ,Social
화물연대 총파업 돌입 정부  불법 엄단  천명,Social
 대한민국  거리응원 엇갈린 여론  시기상조      즐기자 ,Social
인천시민단체     세면 돌아가실 나이  폄훼발언 한민수 인천시의원 사퇴 촉구,Social
화물연대 부산서도 총파업 돌입 주요 항만서 집회 종합 ,Social
화물연대 총파업 돌입 정부  불법 엄단  천명,Social
 대한민국  거리응원 엇갈린 여론  시기상조      즐기자 ,Social
인천시민단체     세면 돌아가실 나이  폄훼발언 한민수 인천시의원 사퇴 촉구,Social
경찰  김미경 은평구청장 선거법 위반 무혐의 결론,Social
 이태원 참사  행안부  추모 시간 필요하다는 의견에 유족모임 구성 안돼 ,Social
대법  미성년 자녀 둔 성전환자도 성별정정 가능    년 만에 판례 변경,Social
경남 화물연대 파업 길어지면 조선업계 선박 건조 영향 우려,Social
충북 고속도로 터널서 교통사고 잇따라  명 부상,Social
육군훈련소 종교행사 참여는 위헌   개 종교 우대 ,Social
 그렇게는 안 죽어  더 찔러  극단적 선택 부추긴 경찰 때린   대 무죄,Social
전북개발공사 사장   일만에 사직 파문,Social
 안전운임제가 정답  제주서도 출정식 열려 화물연대 파업 ,Social
조두순  신분 감쪽같이 속이고 이사하려다 딱 걸렸다 보증금 위약금 돌려받아,Social
 이재명 최측근  정진상 적부심 기각   구속 유지 종합 보 ,Social
 뇌물수수  정진상 구속적부심 기각  청구이유 없다 ,Social
 사우디 엑스포 빅딜설  사실아냐  우려 덜은 부산시  다시 총력전,Social
광명서 부인 두 아들 살해   대 가장  국민참여재판 신청,Social
 아동 성적학대 전과자 임용제한  국가공무원법 헌법 불합치,Social
 아빠도  로 성별 변경 가능  대법원 판단   년만에 뒤집혔다,Social
     유공자 명단 공개 주장한 홍준표  묘역 참배 반대 ,Social
박진  사우디 네옴시티 부산엑스포  빅딜설 에  사실 아냐 ,Social
 세 모자 살해  비정한    국민참여재판 신청했다,Social
오늘 밤 거리응원 광화문 광장에    구조대 구급대 배치,Social
헌재  지방의원 후원회 금지한 정치자금법  헌법불합치 ,Social
코로나   손배소송  신천지  확산 원인 제공      신천지가 피해자 ,Social
화물연대 충남 현대제철 앞 파업집회 수출 차량    여대 발묶여,Social
 화물연대 총파업   제천 단양 시멘트 업계도 차질,Social
   분 기다려 버스탄다   참사   광역버스 입석금지  직장인들은 웁니다,Social
도로에 앉아 있는 취객에 경적 울리자  발길질 하며 난동,Social
   억원 횡령  조국  장관  촌조카 장인  심도 집행유예,Social
 남편은 회사원  집주인 속인 조두순 아내  위약금 받고 이사 접었다,Social
  조국 딸 포르쉐 탄다  주장 공익 위한 것    가세연 측 첫재판서 명예훼손 혐의 부인,Social
   최측근  정진상 구속적부심 기각 법원  청구 이유 없다 ,Social
양산천 횡단  양산 교     일 열린다,Social
 내가 좋아해도 되지 않느냐  가이드 성희롱한 이장 결국 사직,Social
이태원역장마저 무더기 입건   노조  실무자 꼬리자르기 ,Social
부산서 오토바이가 관광버스 들이받아 운전자 부상,Social
용인 산후조리원서      감염증  무더기 발생 총   명,Social
출산한 아기 변기물에 방치 살해 비정한 부모 항소심도 집유,Social
대법  미성년 자녀 둔 성전환자 성별변경 허락해야 ,Social
조두순 결국 선부동 이사 접어 어떻게 확인됐나,Social
 위약금 내줄게  조두순  떠나라  안산주민 여성단체 반발,Social
 스토킹 살해  이석준에 피해자 집주소 넘긴 공무원   심 징역  년,Social
하동군  화개장터 호남 상인 배제 논란에 결국  재공고 ,Social
 화물차 사고 연    명 사망  더는 안 된다  전국   곳 파업출정식,Social
화물연대 파업에 포스코   화학   칼텍스 등 물류 차질,Social
 치킨 전쟁   심도     승소 법원  계약해지는     책임 ,Social
 이번 주말 김장하기  딱  좋아요 ,Social
횡단보도 건너던 오토바이와 관광버스 충돌  명 부상,Social
 조문객 방명록 공방  정태영 현대카드 부회장   심 승소,Social
학교 비정규직 파업에 대전 세종 충남 급식 차질 비상,Social
 럭키 칠곡 포즈  때문  칠곡  로또  등  장 당첨에 화제,Social
충남 화물연대 당진 현대제철서 파업 출정  철강제품 운송 중단,Social
이정식 고용장관  화물연대 운송거부  즉시 철회해야 대응 총력 ,Social
조두순 결국 선부동 이사 접었다 보증금과    만원 위약금 수령,Social
정진상 구속적부심  청구 이유 없다  기각     수사 힘 실려 종합 ,Social
한덕수 총리 김여정  막말 담화 에  최소한 예의도 없어 유감 ,Social
일본서 돌아온 류성룡의 달력 이순신  최후 순간  담아,Social
지방의회 의원  후원회 불허  조항 헌재  헌법불합치 ,Social
광명 아내   두 아들 살해한   대 남편  국민참여재판 신청,Social
법원  정진상 구속적부심 기각   월 초 구속기소 유력,Social
이혼한 성전환자 미성년 자녀 있어도  성별 변경 허락 ,Social
헌법재판소  아동 성학대 전과자 공무원 영구 임용 제한은 부당 ,Social
국회의원은 허용된 후원회  지방의원은 금지 헌재  차별  종합 ,Social
대구 광주  공항 특별법  연내 제정 협력 달빛동맹 협약,Social
헌재  육군훈련소 종교행사 참석 강제  종교 자유 침해 ,Social
 살인사건  단초 개인정보 이석준에 넘긴 공무원  심도 징역  년,Social
한국 민주노총  조합원   명 중    명   정부 노동시간 정책에 부정적 ,Social
인천 층간소음 흉기난동   대  심도 징역   년,Social
 속보   아동 성적학대 전과자 임용 제한  헌법에 어긋난다 헌재 판단,Social
 조두순 이사 막겠다  쇠창살에 트럭까지,Social
 눈이 예쁘네  술한잔 하자  여성 가이드에 추태부린 완주군 이장,Social
    콘텐츠 다양성 첫 조사 결과 뉴스 속      대 남성 편중,Social
 전액 장학금에 졸업 조건이 창업     이 대학 한국서 통할까,Social
인생  막의  꿈과 희망 을 펼치는 카페,Social
케냐 대통령  인천 송도국제도시 방문  스마트시티 개발 경험 공유 ,Social
조주빈은 판사 응시  강훈은 고개 푹    강제추행   심서 징역형 추가,Social
 계부 성범죄 알고도 묵인   청주 투신 여중생 친모  아동학대 혐의 로 불구속 기소,Social
검찰  박지원  수사팀 판단에 의해 필요한 시점에 조사 받을 것 ,Social
대구 학교 비정규직 노동자   일 파업   개 직종     명 중      참여,Social
당진영덕고속도로 수리티터널서  중 추돌  명 경상,Social
 속보 헌재  육군훈련소 내 종교행사 참석 강제는 위헌 ,Social
 숙소에서 술 한잔할까  가이드에 추태 부린 완주군 이장  사직서 제출,Social
철도노조 준법투쟁에 열차 지연 이어져    표 바꾸기도 어려워 ,Social
  번방  조주빈   년 전 강제추행으로 징역  개월 추가,Social
  일부터 서울 청계천에 자율주행버스 운행  최대  명 무료 탑승,Social
 자율주행    시리야   일상이 된    와 가상인간 ,Social
 이재명 최측근  정진상 구속 유지    겨냥  검찰 수사도 탄력,Social
낙태약 먹고 낳은 아이  변기물 방치해 숨지게 한 부부 항소심도  집유 ,Social
 잠깐 자러갔다  날 못믿나   주    회 무인텔 드나든 아내,Social
전남 관광지    세 이상 시니어 세대 각광,Social
  년 만에 다시 멈추나 대구지하철노조    월  일 전면파업  종합 ,Social
 속보     이재명 측근  정진상 적부심 기각 구속 유지,Social
보이스피싱 돈 받아 조직 몰래 가로챈   대 현금 수거책,Social
 광명 세모자 살해    대 가장  국민참여재판 신청 내일 심리 예정,Social
 내일 급식은 밥 대신 도넛  제주 학교   곳 급식  차질  우려,Social
   최측근  정진상 적부심 기각  법원  구속 유지 ,Social
한총리   국조 증인 채택시 출석   질문에  국회 존중은 당연 ,Social
 술 한잔하자  제주도서 추태 완주군 이장  사직서 제출,Social
 만원에  스토킹 피해자  주소 넘긴 공무원   심도 징역  년,Social
헌법재판소  육군훈련소 내 종교 행사 참석 강제는 위헌 ,Social
 이재명 최측근  정진상 적부심 기각 구속 유지,Social
뜨거웠던 유엔기후변화협약 총회  우리 언론은 이렇게 다뤘다,Social
화물연대 총파업 첫날 인천 노동자     가까이 동참 물류차질 불가피,Social
경찰청  진해구 경찰병원 분원 건립 후보지 현장 실사,Social
급식 돌봄대란 우려 내일 학교비정규직연대 총파업,Social
 아들 죽이겠다  신고하더니 흉기 들고 난동부린   대  왜,Social
 청담동 술자리는 거짓말  첼리스트  경찰 진술,Social
 이승기 사태  이선희는 방관자였나   그 역시 을  권진영 심부름도 ,Social
서울시  반지하에서 이주 시 최대  년간 월   만 원 지원 ,Social
미성년 자녀 둔 성전환자 대법  성별 변경 허용  종합 ,Social
경찰  음주차량 바리케이트로 막은 용감한 시민에 표창장,Social
화물연대    여명 울산신항 집결  물류 차질 우려 ,Social
 이재명 측근  정진상 구속적부심 기각,Social
이재명 최측근 정진상 구속 유지   법원 구속적부심 기각,Social
 가족한테 영상 유포해 버린다   미성년자 협박해 모텔로 유인한   대 징역  년,Social
 부모상 방명록  공개 소송 정태영 부회장  심서 승소,Social
회원수만   만명 성매매 사이트  밤의 전쟁  운영자의 최후,Social
  년전 잃은   개월 자식 목숨값이    만원 ,Social
현역 공군 대위  만취 상태로 시민  명 때려 현행범 체포,Social
 안전운임제 확대하라  인천서도 파업 돌입 화물연대 파업 ,Social
지하철 기다리던    명 이마  퍽  만취 공군 대위 체포,Social
 주민자치위원 신분 선거운동  원주지역 시 도의원  명  심 당선 무효형,Social
철도노조 태업 첫날 무궁화 새마을호  대   분까지 지연,Social
  보  헌재  지방의원 후원회 금지한 정치자금법 개정해야 ,Social
갓난아이 변기 물에 방치 살해 비정한 부모  항소심도 집유,Social
크리스마스 앞둔  밀크플레이션  깊어가는 카페 사장님 고민,Social
작년 성인 비만 당뇨병 줄고  고콜레스테롤혈증 늘었다,Social
홍준표 대구시장 강기정 광주시장  대구 경북 하늘길 함께 연다,Social
 이재명 최측근  정진상 적부심 기각   구속 유지 종합 ,Social
화물차 멈췄다 광주 전남 물류대란 비상 종합 ,Social
    진    월   일 전방 사단 신병교육대 입대,Social
홍준표  내일      묘지  참배 오월단체  사과없는 참배 막는다 ,Social
 직장선배 결혼식서 축의금  만원 냈더니 불편한 말 내 잘못  ,Social
최문순  알펜시아 입찰 방해 혐의  서울중앙지검 수사,Social
 부산일보 오늘의 운세    월   일 토요일 음   월  일 ,Social
이혼한 성전환자 미성년 자녀 있어도  성별변경 허가  종합 ,Social
 성전환한 아빠  성별 바꿀 수 있나 대법  성별 변경 허용 ,Social
 부산일보 오늘의 운세    월   일 금요일 음   월  일 ,Social
전북시민교육단체  후배 여교사 성폭력 가해교사 파면 촉구,Social
법원  정진상 구속적부심 기각     수사 힘 실릴 듯,Social
  측근 정진상 구속 유지    대장동 수사 속도 낸다,Social
갭투자로만    채 매입    보증금    억 가로챈 전세사기범 구속,Social
일회용품 사용 제한 확대 첫날 곳곳서  혼란   불만  목소리,Social
내일부터 청계천에 자율주행 버스 달린다,Social
 응원후 귀갓길 재촉하지 마세요  대중교통 증편 연장,Social
문 열린 채 한강 건넌  위험천만   호선  안전불감증  사고 우려 커진다,Social
갭투자    억원 꿀꺽 광주경찰  전세보증금 가로챈   대 구속,Social
 영상 아랫집에 비둘기 우글우글 항의하니  내 집서 밥주는데 뭔 상관 ,Social
강제추행으로 추가 기소된 조주빈 강훈  심서 징역  개월,Social
규제완화에도 하락폭 더 커진 대구 아파트 값 전주 대비       ,Social
대법  미성년 자녀 둔 성전환자 성별 변경 허가해야    년만에 판례 변경,Social
 영상  아파트 아래층서 쏟아지듯 나온 비둘기  내 집인데 무슨 상관  ,Social
대구지하철   년 만에 파업 예고,Social
 사과상자 전달  혐의 은평구청장 무혐의   비서만 구속,Social
         민사소송 관련 항소심  건 모두  승소 ,Social
   만 회원  국내 최대 성매매 사이트 운영자  징역  년,Social
국감장 발칵 뒤집었는데 첼리스트  청담동 술자리  거짓말이었다 ,Social
선거법 공소시효 코앞 긴장하는 서울 구청장들,Social
 이재명 최측근  정진상 구속적부심 기각 검찰 수사 탄력,Social
 윤석열 퇴진  외친 촛불중고생시민연대 경찰 수사 교육부가 신고,Social
늘어나는 고령운전자 사고      만원짜리 교통카드론 안 된다,Social
민주노총 화물연대 총파업   평택항 주요 출입구서 철야집회 지속,Social
 박사방  조주빈  강제추행 징역  개월  앞선 징역   년 고려,Social
법원  정진상 구속적부심 기각   이재명 수사 가속화될 듯,Social
아빠가 여성이라고   법원  배우자 미성년 자녀 있어도 성별 변경 허용 ,Social
 이재명 최측근  정진상 적부심 기각 구속 유지,Social
  보   이재명 최측근  정진상 적부심 기각 구속 유지,Social
만취 상태로 지하철서 여성  명 뒤통수  퍽  잡고보니 현역 공군 대위,Social
시멘트업계  화물연대 총파업에  명분없어   운임제 도입해야 ,Social
서울시  반지하 가구 지상층 이주 시  년간 월   만원 지원,Social
화물연대 파업에 현대제철     톤 물량 발묶여,Social
 포착  아픈 몸 이끌고       만 원 기부   나누며 살래요 ,Social
   국회 본관 압수수색  뇌물 혐의  노웅래 이메일 포렌식 착수,Social
내년부터  학생 생리대 무상 지원   내년  억  천만원 지원,Social
인터넷 생방 도중  동료 성폭행한        징역  년 구형,Social
새벽시간 혼자 있는 편의점  점원에게 성기 노출한   대 남성 체포,Social
화물연대 파업 첫날  정부  업무개시명령 으로 맞불 종합 ,Social
울산 간절곶 일출 행사  년만에 다시 열린다,Social
광명서 아내와 두아들 무참히 살해한   대 국민참여재판 신청,Social
지난해   대    대  비만    대 남성      뚱뚱 ,Social
조두순  선부동으로 이사 안 간다 집 계약 포기,Social
검찰  이정선 광주교육감 선거법 위반  무혐의  처분,Social
화물연대 경남본부도 총파업  안전운임제 일몰제 폐지 ,Social
천화동인  호  그분 은 이재명  입 열릴까  대장동 키맨  김만배  뉴스속인물 ,Social
         상대      억 영업비밀 침해소송   심도 패소,Social
기아차  통상임금  차소송도 패소        명에    억 지급 ,Social
 속보  대법  미성년 자녀 둔 성전환자  성별 변경  허락해야 ,Social
 단독     야당 중진  이정근발 친문 게이트  연루 정황 확인,Social
정보보고서 삭제 지시 의혹 전 서울청 정보부장 소환,Social
김건희 여사  새마을 운동  언급  보수평론가  친노 좌파라며 ,Social
 하루에 기저귀   번 갈아  보라매병원도 총파업  인력충원  촉구,Social
경기도   조 천억 투자 유치 추진 중 김동연  최대한 돕겠다 ,Social
철도노조 준법투쟁에 무궁화호 등 열차  대 최장   분 지연운행,Social
전구체 시장  위 기업 중국        배터리 도시 포항에  조원 투자 ,Social
서울시  청계천 자율주행버스 내일부터 운행,Social
피싱 피해자 돈 받아 조직 몰래  먹튀    대 현금 수거책 검거,Social
대법  미성년 자녀 둔 성전환자  성별변경 허가해야  종합 ,Social
홍준표 시장  강기정 광주시장과 하늘길 열어,Social
검찰  이재명과 가족 계좌 추적 대장동 일당 연루 단서 살핀다,Social
 성범죄자 조두순은 안산을 떠나라  주민 여성단체 한목소리,Social
무자본  깡통전세  사기로    억원 가로챈   대 남성 구속,Social
 혼자서   명 기저귀 갈아봤냐   극한직업  호소한 병원노조,Social
지주사 동원산업 이명우 사장  부회장 승진,Social
 성범죄 묵인   극단적 선택 여중생 친모  아동유기 혐의 기소,Social
 속보   아빠 성별   로 변경가능    대법  미성년자녀 둔 성전환자 성별변경 허락해야 ,Social
국내 최대 성매매 사이트  밤의 전쟁  운영자  징역  년,Social
 화물연대 파업  현대제철 인천공장 철강재 출하 멈춰,Social
특수본  경찰 위선 수사 본격화 박성민 전 서울청 정보부장 출석,Social
 아버지도 여성일 수 있다  성전환한 아버지  가족관계등록부 변경 허용,Social
지투알 신임    에 박애리 부사장,Social
화물연대     명 파업 물류대란 생산라인 가동 중단  초읽기  종합 ,Social
 일간  조    억 날린 악몽 산업계 물류마비발 셧다운 공포,Social
    명이 우글대   저러다 사고나겠다  시민 신고에 콜라텍 불법 운영 업주 검거,Social
여고생에 다가가  성희롱  잡고 보니  현직 경찰관 ,Social
 재수없게 생긴   이별통보 받자 아내 겁박한 불륜녀 사랑과전쟁 ,Social
징역   년   번방  조주빈    강제추행   심 유죄로 징역  개월 추가,Social
오늘부터 편의점서 비닐봉투 달라면 안돼 식당 종이컵도 금지,Social
대구지하철노조  구조조정 민영화 철회 안하면 내달  일 파업 ,Social
 수원 세 모녀  비극 반복 막는다 위기가구 발굴 정보   종   종 늘려,Social
양대노총 노조원   명 중  명  주  시간 유연화 추진에 부정적 ,Social
 이거라도 아끼자  배달 앱 끊기 유행인데 라이더는 파업,Social
 가백신 이상반응 신고      건당    건 기존 단가백신보다 낮아,Social
몸싸움으로 격화된 해루질 갈등 내년엔 묘수 나올까,Social
 검찰 나가지마  유령직원 채용   억원 가로챈  명 재판 넘겨,Social
정태영 현대카드 부회장   부모상 방명록 공개 소송   심 승소,Social
 교육부 새빨간 거짓말  자유민주주의  용어 합의 없었다 ,Social
베란다서 비둘기 수십마리 밥주는 아랫집  항의하니  무슨 상관이냐   영상 ,Social
조주빈 강훈 강제추행    법원 고작  징역  개월  왜 ,Social
 수십마리 푸드덕  아파트 베란다서 비둘기 밥 주는 아랫집,Social
경북도  포항에  이차전지 특화단지  지정 총력전,Social
 성전환 하고 온 아빠  성별 정정 가능할까  대법  성별 변경 허용 ,Social
현역 공군 대위  만취 상태로 지하철역서 시민들 폭행   현행범 체포,Social
벤츠 기아 테슬라 폭스바겐 등 제작결함에 리콜     개 차종  만     대 규모,Social
 일회용품제한      월드컵 거리응원에서 막대풍선 사용 가능 ,Social
  번방  조주빈  강제추행 혐의 유죄 징역   년에  개월 추가,Social
화물연대  총파업 돌입   안전운임제 일몰 폐지 ,Social
이석준에 피해자 여성 주소 넘긴 공무원   심도 징역 년,Social
중국       포항에  조원 규모 배터리 투자  첨단산단 지정 청신호,Social
 호남 상인 배제  논란에 철회   화개장터 광양 구례민도 입점 신청 받는다,Social
   광고 지주사 지투알 신임    에 박애리 부사장,Social
화물연대 총파업  제주 동참  안전운임 개악 저지 ,Social
정태영 부회장   부모 장례식 방명록 분쟁  동생들에  심서 승소,Social
최문순 전 강원지사  입찰 방해 혐의  사건 중앙지검서 수사 종합 ,Social
케냐 대통령  인천 송도 방문  경제자유구역 개발 경험  배우고 싶다 ,Social
숨은 감염자 속 위중증  껑충    백신 접종률 유독 낮은 이유는,Social
정태영 부회장   부모 조문객 명단 달라 는 동생들에  심 승소    심 뒤집혔다,Social
이석준에  만원 받고 피해자 주소 넘긴 공무원  심도 징역  년,Social
전주대     명 운집 예상 전북소방  월드컵 거리응원 안전대책 추진,Social
 노웅래 뇌물수수 혐의  검찰  국회 본관 추가 압수수색,Social
 월간중앙  스페셜리포트   마약 단속 비웃는 강남 클럽 잠입 르포,Social
접근금지 명령 어기고 피해자 집 찾아간   대 여성 집행유예  년,Social
 강제추행  추가 기소  박사방  조주빈 강훈 각각 징역  개월 추가,Social
 속보 대법  미성년 자녀 있는 성전환자도 성별정정 가능   판례 변경,Social
경찰  김미경 은평구청장  선거법 위반  무혐의 결론,Social
  보  미성년 자녀 둔 성전환자 대법  성별 변경 허용 ,Social
학교 비정규노동자 파업에  감동 이메일  쓴 교장선생님,Social
원주 시 도의원  명 벌금    만원 이상 선고 의원직 상실 위기,Social
 속보  대법  미성년 자녀 둔 성전환자  성별 변경  허락해야 ,Social
노동부 장관  화물연대 총파업에  엄정대응  정부  강경대응  엄포 릴레이,Social
 청담동 의혹 에    대통령직 걸라 던 황교익  이번엔  보도 매체가 사과해야 ,Social
울산 화물연대도 총파업 출정 주요 기업체들  긴장 ,Social
 걸어다니는 인간 축음기  조명섭  원주시 홍보대사로 활약,Social
제주도서 여성 가이드에  추태  부린 완주군 이장  사직서 제출,Social
정태영 부회장  동생 상대  부모상 방명록  공개 소송  심 승소,Social
   년 간첩 오명  검찰  납북귀환선원 재심 청구,Social
화물연대 총파업 제천 단양 시멘트업체 출하 임시중단 종합 ,Social
   높이서 노동자 추락사 안전조치 안 한 대표 법정구속,Social
 속보   성전환 아빠 성별 바꿀 수 있나  대법  성별 변경 허가 ,Social
대법  미성년 자녀 둔 성전환자 부모  성별 변경 허용 ,Social
미성년 자녀 둔 성전환자 대법  성별 변경 허용 ,Social
 내 집인데 어때  베란다서 비둘기떼 먹이주는 아랫집에  분통 ,Social
서울중앙지검   알펜시아 입찰방해 혐의  최문순 전 강원지사 수사,Social
제주 화물연대 총파업 시멘트 공급 삼다수 유통 차질 우려,Social
     년 한국  출생아   만명에 총인구  천   만명 ,Social
전북지역 화물차도 멈춰 서 화물연대  천여명 군산항 집결 종합 ,Social
박슬기  보이스피싱     만원 피해  하라는대로 할 수 밖에    울먹,Social
 부모님 경찰 출석해야  초등생 협박해 성착취물 제작   대 징역  년,Social
 어린놈이 담배 피운다    대 폭행한   대 만취남,Social
교육부   봉사시간 제공  적은 중고생촛불집회 포스터 제작자 수사 의뢰,Social
        성폭력 피해 알고도 침묵했다   청주 여중생 사망 사건  친모 기소,Social
 최악 가뭄  전남도  완도 신안에 특교세   억 추가 지원,Social
 사실대로 임하겠다  이임재 재소환 박성민 전 정보부장도 조사,Social
대법  미성년 자녀 있더라도    성전환 부모  성별 정정 가능 ,Social
   억 대 전세 사기   대 구속,Social
 신변보호 살해  이석준에 피해자 정보 넘긴 공무원   심도 징역  년,Social
물류 허브 경기 의왕    서 조합원     여명 출정식 화물연대 파업 ,Social
위기가구  세대단위로 찾는다 소재 불명 땐 연락처 연계 종합 ,Social
화물연대 파업에 광양항 여수산단  물류 비상 ,Social
 박사방  조주빈 강훈  강제추행  유죄 징역  개월 추가,Social
이임재 전 용산경찰서장 특수본 재소환  사실대로 수사에 임할 것 ,Social
경북지역 화물연대 조합원     여명 총파업 돌입   지역경제  긴장  ,Social
 계부 성폭행 알고도 묵인  극단선택 청주 여중생 친모 재판에,Social
검찰   서해 피격  서훈 전 국가안보실장 소환 조사   윗선 수사 속도,Social
 컨트롤타워  서훈 소환 정점 다다르는  서해피격  수사,Social
안전 매뉴얼 준수하는 게 태업    코레일 공지 놓고 시민들 비판 목소리,Social
오늘밤 전국 거리 곳곳에서  대 한민국  울려 퍼진다 월드컵 단체 응원전 예고,Social
접근금지 조치 어기고 스토킹한   대 여성 집유,Social
중국       포항에  조 투자 전구체 황산니켈 공장 건립,Social
 이태원 참사 이임재 전 용산서장  특수본 출석    차 소환 조사,Social
김만배 석방후  기자들 시속      추격전     분간 골목 마라톤도,Social
전 서울청 정보부장 소환 조사   이임재  특수본 재출석,Social
 박사방  조주빈  형량 늘어 강제추행 혐의도 유죄,Social
코로나   유행 주춤    일 단축 추가접종 악재될까,Social
국내 최대 성매매 사이트  밤의 전쟁  운영자에 징역  년 선고    성도덕에 해악 ,Social
화물연대 총파업 돌입 정부  불법 엄단  강대강 대치,Social
 안전운임 지속 일몰제 폐지  충남 당진서 화물연대 파업 출정식,Social
민주노총  파업 원인 제공한 정부 책임 공공구조조정 중단해야 ,Social
일회용품 규제 첫날  계도 기간이니 남은 것은 사용해야죠 ,Social
청계천 자율주행버스    일부터 운행  평일 오후  시까지 무료 탑승,Social
    오키나와 기항  핵잠수함  이례적 공개 토마호크    기 탑재,Social
 기동대 투입 요청 주장  이임재 전 용산서장   차 소환 조사,Social
화물연대 집단운송거부 첫날 조합원     명 참여 추산,Social
   한동훈 청담동 술자리  없었다  첼리스트  다 거짓말 ,Social
김만배 입에 달린 남욱의 폭로  법정 증언에 관심  이슈  ,Social
김치통에  년 방치된   개월 딸 시신  머리뼈에 구멍 났다,Social
 부동산 정보 갑질  혐의 부인한 네이버  무임승차 방지 목적 ,Social
청소년  극단 선택  막아라 상담원  트위터 인스타로 접촉해 심리 지원,Social
   년 동안   조 피해   소양강댐 피해 보상 현실화 요구,Social
   명 보는 생방송서 여성 성폭행한       징역  년 구형,Social
케냐 대통령 인천 송도국제도시 방문  개발 경험 공유 ,Social
지하철 기다리던    명 뒤통수  퍽  만취 공군 대위의 행패,Social
강원도 노동계 잇딴 파업에 시민 산업계 피해 우려,Social
오월단체  유공자 명단 까자던 홍준표의     묘지 참배 반대 ,Social
전북도의회  서경석 개발공사 사장 자진 사퇴는 만시지탄 ,Social
 아들 죽이겠다  흉기 든 채 경찰과 대치  아들은 옆에 있었다,Social
 저금리 대출 전환 미끼  전화금융사기 가담   대 구속,Social
김동연 공약  경기남부국제공항  예산 도의회 상임위서 전액 삭감,Social
화물연대 파업 첫날 충북 레미콘 주류업계 직격탄  우려 ,Social
부산 교대사거리서 관광버스 오토바이 충돌,Social
경찰   사과 박스 전달  의혹 김미경 은평구청장 불송치,Social
제주 화물연대 총파업에 시멘트 수급 불안정 등 우려,Social
조주빈   강제추행  추가 재판서  징역  개월   이미 징역   년 확정 ,Social
추행 물의  이장  자신 사퇴 완주군  이장단 소양교육 강화키로,Social
이재명 주변 훑은 검찰  직접수사 칼 빼드나  자택현금  조사 신호탄,Social
화물연대 총파업에 시멘트 출하 지연 등 산업현장  물류대란  비상,Social
 믿기지 않아  한겨울도 아닌데 크게 오른 도시가스비 청구서에  깜짝 ,Social
서울대 보라매병원 노조  이틀째 파업 외래진료 등 일부 혼선,Social
 부동산정보 갑질  혐의 네이버  첫 공판서 혐의 부인,Social
경찰  오창 여중생 사건  증거 수집 조사방식 미흡 ,Social
제주대 총여학생회 폐지 수순 학생 총투표      폐지 ,Social
        부모님 경찰서 부르겠다    인  역  하며 초등생 성추행한   대,Social
 사과상자    개 전달  혐의 은평구청장 무혐의 비서만 구속,Social
화물연대  총파업  돌입   정부  업무개시명령 발동 검토 ,Social
신석민 경남대 체육과 교수  경남체육회장 출마,Social
노동자      윤석열 정부 노동시간 유연화  과로 늘어날 것 ,Social
다음 주에 진짜 겨울 추위 온다      월  일 서울 영하  도 ,Social
포항 철강산단 등도 물류 차질 대구 경북서 화물연대 조합원     여명 파업 나서,Social
화물연대 경남     여명 총파업  안전운임제 일몰제 폐지 ,Social
검찰   뇌물 혐의  노웅래가 썼던 국회 컴퓨터 등 압색,Social
  일간 이태원 참사 국정조사 민변  세월호도   일간 성과 없이 종료  기간 짧다 ,Social
서울 반지하 가구 이사 때 매달   만원 지원   일부터 신청,Social
 물류 멈추자  화물파업 첫날 정부 초유의 운송개시명령 경고  르포 ,Social
 추가 기소  조주빈 강훈   심 징역  개월,Social
 초 중등예산 떼어낸다고 될 일 아냐 대학 별도 재원 마련해야 ,Social
박사방 조주빈  강제추행 혐의로 징역  개월 추가,Social
 옆집에 조두순 온다고     여성단체 학부모 안산서 집단반발,Social
화물연대 대전본부 총파업 출정식  안전운임 일몰제 폐지해야 ,Social
경찰   사과    박스  전달 의혹 김미경 은평구청장 불송치,Social
 대장동 의혹  남욱 변호사   소환조사  재판에 충실히 임하겠다 ,Social
화물연대 충남지부 조합원  천여명 파업출정식,Social
성희롱에 신체접촉까지 여성 가이드한테 추태 부린 이장님,Social
고용장관  화물연대 총파업 철회 촉구 불법 엄정 대응 ,Social
 조국 딸 포르쉐  발언 후 흩어진 가세연  공익 위해서    무죄 주장,Social
고양시 추진 중인 경자구역에  테슬라 기가팩토리  건립 타진,Social
 단독     카카오 본사에서  노웅래 이메일  압수수색,Social
 조두순은 안산을 떠나라  이사지역 주민 여성단체 반발,Social
  중공업       파수꾼  해군 고속정  척 수주 기술력 재입증,Social
국내 최대 성매매 사이트  밤의전쟁  운영자의 최후,Social
방탄소년단 진    월   일 경기 연천 신병교육대 입대,Social
유령직원으로 고용보조금   억 착복,Social
 신고 취소하고 싶어   초등생 협박해 나체사진 찍게 한   대 실형,Social
코로나  확찐자  아직   대     대   비만 늘어,Social
지난해   대    대  비만 늘었다   대 남성은    가 비만,Social
 청담동 술자리는 거짓말  의혹 폭로했던 첼리스트 경찰에 진술,Social
검찰  이재명 계좌 추적 착수 대장동 일당 연루 단서 찾는다,Social
화물연대 의왕서 총파업 출정식 물류조합원     여명 집결,Social
 청주 여중생 계부 성폭행 사건  부실수사  수사 피해자 보호 미흡 ,Social
경찰   사과 박스    개  전달 의혹 김미경 은평구청장 불송치,Social
 유령 직원 으로 국고보조금   억원 꿀꺽한 일당,Social
 총파업      울산 학교비정규직    명 참여 급식 돌봄 차질 불가피,Social
 성범죄자 조두순 안산 떠나라    주민들 시청 찾아 반발,Social
 자막뉴스  차량 보이자마자 바로 검거   범인 포착한 의외의 기계,Social
지하철   노조  이태원역장에 참사 책임 묻지 말라 ,Social
 번방 조주빈  강제추행 추가 선고 징역   년에  개월 더,Social
네이버   부동산정보 갑질  혐의 부인  무임승차 방지 목적 ,Social
허종식 의원  서울 호선 청라연장 경인고속도로 지하화 증액 ,Social
조주빈  강제추행 추가 혐의  심 징역  개월  앞선 처벌 고려 ,Social
 단독  용산구청  인파 사고 우려하고도 당일  엉터리  현장 확인,Social
가세연   조국 딸 스포츠카  허위 인식 없었다  혐의 부인,Social
화천대유 김만배   년만에 출소 후 첫마디는,Social
 파업 장기화되면 어쩌나  광주 주요사업장  노심초사 ,Social
김동연 경기지사   공직선거법 위반  무혐의 처분,Social
 부모님 경찰서 부를까  초등생 협박해 나체사진 찍어,Social
김치통에  년 방치한 딸 시신  부검결과 머리뼈 이상  학대여부 수사,Social
노동자   명 중  명  윤석열 정부 노동시간 유연화 정책  부정적 ,Social
일회용품 금지 첫날  친환경 봉투마저 없는 곳도 계도기간 버틸 것 ,Social
울산신항     여명 모여  총파업  완성차 배송 일부 차질,Social
개량백신 이상사례  단가백신보다 낮아     건당    건,Social
 투기 의혹  서경석 전북개발공사 사장 사의 전북 떠나,Social
유령직원 고용해 보조금   억원 가로챈 일당 기소,Social
    억  제주 외제차 수출 사기사건 판매책 구속,Social
화물연대 총파업   안전운임제  도입   정부 약속 지켜야 ,Social
  개월 딸 시신  년간  김치통  방치 머리뼈 큰 구멍  왜 ,Social
검찰  노웅래  뇌물수수  의혹 관련 국회 추가 압수수색,Social
화물연대 경남본부 총파업 돌입 경남도  비상수송대책 가동,Social
검찰   부당지원  한국타이어 회장실 등 압수수색,Social
 편파 변제  논란 서경석 전북개발공사 사장 사퇴,Social
 압사당할 것 같아요     신고   건은 어떻게 무시당했나  이태원참사  시간의 기록 ,Social
재난지휘부 멈춘 사이  거리엔 주검 쌓여  이태원참사  시간의 기록 ,Social
기아차 근로자들   통상임금   차 소송 승소          억 지급 ,Social
 멈춰선 광주 전남 물류  화물연대 노조원     명 파업,Social
박지원  윤석열  도어스테핑 할 거다  집권  개월의 유일한 업적이니    ,Social
신축빌라    채 세입자 피눈물  무자본    억  깡통전세  사기,Social
다급한     무전기      대원 모자라  빨리   이태원참사  시간의 기록 ,Social
소방  경찰에  시간 동안   차례 지원 요청  이태원참사  시간의 기록 ,Social
검찰   뇌물 혐의  노웅래 국회사무실 추가 압수수색,Social
정보보고서 삭제 지시 의혹 전 정보부장 소환,Social
 수원 세 모녀  막는다 수도 가스요금 체납 파악하고 통신사와 협업,Social
 영상  아파트 실외기에 비둘기 밥  수십 마리 몰려와  끔찍 ,Social
    맏형 진  다음달   일 최전방 신병교육대로 입대,Social
지하철  호선 의왕역 인근  통행 불가  선로서 인명사고 열차에 치인   대 남성 숨져,Social
 조국 딸 포르쉐  가짜뉴스 혐의 가세연  공익 위한 것  무죄 주장,Social
부산항도 화물연대 파업 출정식  물류 차질 우려 ,Social
베란다서 비둘기 밥 주는 아랫집 항의하니  내 집인데 뭔 상관 ,Social
 뉴스초점  출소한 김만배 폭로전 가세할까  이태원 국조  극적 타결,Social
다음 주 초 흐리고 비온 뒤 영하권  강추위 ,Social
검찰  이재명 가족 계좌 추적  대장동 자금 유입 여부 살펴본다,Social
   이재명  자택 현금 의혹  계좌추적    재산신고 한 돈 ,Social
  대통령 한동훈 청담동 술자리 의혹  거짓으로 드러나,Social
물류대란 현실화   수출 선적 제품 출고 어떻게,Social
검찰   계열사 부당지원  조현범 한국타이어 회장실 압수수색,Social
울산도 물류차질 우려에 긴장감   화물연대 총파업 돌입,Social
특수본  이임재 전 용산경찰서장  차 소환조사  성실히 조사에 임할 것 ,Social
일당까지 속인     억대 제주 외제차 사기  공범 구속,Social
 보조금 받고 무단폐쇄  얌체기업 체납액   억 토해냈다,Social
부산신항     여명 집결 화물연대 파업에 물류대란 우려,Social
 씨박스   술자리 의혹  첼리스트  다 거짓말 ,Social
서울시  반지하 가구 지상층 이주시  년 간 월   만원 지원 오는   부터 신청,Social
아산 배추밭에  해남산 상표  김장철  원산지 둔갑  횡행,Social
 강제추행  추가 기소 조주빈 강훈에 징역  개월 법원  확정된 양형 고려 ,Social
박사방 조주빈 강훈 강제추행 유죄 징역  개월 추가,Social
수사권 없애놓고  이태원 국정조사  대상  대검  황당무계  격앙,Social
 안전운임제확대  화물연대  의왕   서 총파업 출정식,Social
 계부 성범죄 묵인했다  극단선택 청주 여중생 친모 기소,Social
 청계천 자율주행버스  본격 운행 시작   일부터 무료 탑승,Social
 친절한 뉴스   쓰레기 섬 느는데 일회용품 규제는  느슨 ,Social
기아차 노동자들 통상임금  차 소송  심 승소,Social
포스코 포항제철소 태풍 피해복구 정상화  기적에 가깝다 ,Social
군산항     여명  파업출정식  경찰 범칙금 부과에 노조원 거칠게 항의,Social
검찰  국회 본관 압수수색  뇌물  혐의 노웅래 이메일 확보,Social
충북 단양서 화물연대 출정식 제천 단양지역 시멘트 출하 차질,Social
박성민 전 서울청 정보부장 특수본 출석 윗선 수사 속도,Social
경찰   사과상자 의혹  김미경 은평구청장 불송치,Social
로또  등 당첨  장 나온 칠곡  긍정의 힘 넘치기를  ,Social
검찰   서해 피격  서훈 소환  윗선  지시 조사,Social
냉장 닭고기 얼려 유통기한 늘린 업체 대법  허위 표시 ,Social
 세모녀  재발 막자 전입신고때 세대원 연락처도 기록 종합 ,Social
 널 책임지고파  후배 교사에 수차례 성적 메시지 보냈는데 정직  개월 처분,Social
청계천 일대 달리는 자율주행버스    일부터 무료 탑승 가능  뉴시스    ,Social
부실수사 지적된  청주 여중생 사건   수사 피해자 보호 미흡 ,Social
순천만 찾아 날아온 흑두루미    년새   배 증가,Social
   노웅래 사무실 추가 압수수색 과방위 위원장 당시 청탁 의혹,Social
 안전운임 일몰제 폐지 차종 확대  광주 전남     여명 무기한 파업 돌입 화물연대 파업 ,Social
  중공업  해군 고속정  척 수주     억원 계약,Social
 조두순  안산 떠나라  안산 선부동 주민들  반발 기자회견,Social
거리응원 안전관리 총력  광화문에 경찰    명    구급대 배치,Social
화물연대 무기한 총파업 정부  운송개시명령 준비 ,Social
    억 피해  제주 외제차 수출사기 딜러 구속  일당도 속여 ,Social
검찰   서해 공무원 피격  의혹 서훈 전 국가안보실장 소환,Social
김만배 구속만료로 출소 정진상 석방 여부 오후 결정,Social
경찰 윗선 수사 본격화 박성민 전 서울청 정보부장 첫 소환,Social
 수원 발발이  박병화 기초생활수급비 신청  화성시  지급 못 해 ,Social
서울지하철 노조 철도 노조 준법투쟁  무궁화호 지연 운행 ,Social
네이버  첫 공판서 부동산정보 갑질 부인  무임승차 방지 목적 ,Social
    때린 대통령실  전세계 언론인들의 비판 대상됐다,Social
화물연대 파업 돌입 부산항  긴장 ,Social
 안전운임 지속 확대  대전 충남서도 화물연대 파업 출정식,Social
 실외기에 비둘기 밥 두는 아랫집  털 날려 창문 못 연다 ,Social
 대장동  김만배 석방 이재명 수사 시동,Social
 가백신 이상사례 신고  천건당    건 단가백신보다 낮아,Social
오늘부터 백신 접종 확진  개월 지나면  가백신 접종 가능,Social
아파트 실외기서 비둘기 밥 주는 이웃 수십마리  푸드덕  경악 영상 ,Social
철도노조 준법 투쟁 첫날 무궁화호 새마을호 일부 운행 중지 지연 종합 ,Social
로또  등 한꺼번에  장 당첨  럭키 칠곡  포즈 연관 ,Social
검찰   뇌물수수 혐의  노웅래 의원 이메일 포렌식 착수,Social
조주빈 강훈  강제추행  유죄 판결로 징역  개월 추가,Social
 서해 피격  서훈 전 국가안보실장 소환,Social
민주노총    개국 운수노조  화물연대 파업 지지 ,Social
     찬성  제주대 총여학생회 폐지 수순,Social
 청담동 술자리 의혹  첼리스트   거짓말했다  진술,Social
  이태원 참사  국정조사  기간 짧고 대통령 경호처도 빠졌다 ,Social
특수본  보고서 삭제  전 서울청 정보부장 피의자 신분 조사,Social
화물연대 총파업 돌입 둔춘 주공 내일부터 공사 중단 위기,Social
 무등의 아침   지금도 역할 못하는데 쪼개자  광주전남연구원 분리  뒤떨어진 발상 ,Social
검찰   계열사 부당지원  한국타이어 압색 조현범 회장실 포함 종합 ,Social
경기도  화물연대 총파업  경계  발령따라 비상대책본부   부지사  체제 격상,Social
검찰   뇌물 혐의  노웅래 사무실 추가 압수수색,Social
 강제추행  추가 기소 조주빈   심 징역  개월    이미 징역   년 고려 ,Social
지난주 촛불집회  경찰측   만 천  주최측    만     검증해보니  오마이팩트 ,Social
 투기 의혹  서경석 전북개발공사 사장 사의  짐 싸서 서울행 ,Social
 속보      뇌물 혐의  노웅래 국회 사무실 추가 압수수색,Social
멈춰버린 물류  바닷길도 스톱 화물파업에 전국  몸살  종합 ,Social
냉장 닭고기 냉동해 유통기한  년 늘린 업체 대법  허위표시 ,Social
지난해   대    대  비만 늘었다   대 남성은    가 비만,Social
 그렇게 찌르면 안죽어  극단선택 부추긴 경찰 때린   대   법원  무죄,Social
소설    에 개나리가  계절의  역주행 ,Social
 서해 피격  서훈 전 안보실장 검찰 소환,Social
 조두순 막겠다  이사 올 집 앞에 세워 놓은 트럭 언제까지 주민이 나서야 할까,Social
 천화동인  호 그분  언급 안했지만  김만배 입이  이재명 수사 변곡점 ,Social
검찰  이재명 계좌 추적 대장동 일당 연루 단서 확보 시도 정진상 김용 뒷돈 종착지 추적,Social
 아들 죽이겠다  흉기 들고 난동   대 싱글대디  이유는,Social
특수본    서울청 정보부장 피의자 조사 이임재 용산서장  차 조사,Social
경기도  화물연대 총파업에 위기경보  경계 로 격상,Social
냉장닭 얼려서  냉동닭 으로 판매하면 위법     심 엇갈린 판결 대법은 ,Social
냉장육 냉동육 바꾸기 전 유통기한   개월로    허위 표시 ,Social
코로나  확찐자  조금 줄었지만 유행 이전으론 회복 안돼,Social
대법  닭고기 신선육  냉동육 전환 유통 금지   유통기한 허위 ,Social
코로나  에 증가한 비만 당뇨  년 지나도 회복 안돼,Social
유령직원으로 고용보조금   억 착복  악덕업주 구속기소,Social
경실련  국회의원 임대업 신고   건 전부 통과 ,Social
화물연대 총파업에 전남 동부권 산업계  긴장 ,Social
 정부가 거리로 내몰았다  화물연대 부산신항서 총파업 출정식,Social
화물연대 총파업 제천 단양 시멘트 업체 출하 임시중단,Social
 서 돌아온 유성룡 다이어리   이순신 전사  기록,Social
 화물연대 총파업  대구경북본부 구미서 출정식,Social
 양담소   일주일에 두세 번 쉬려고 무인텔 간다는 아내의 말 믿을 수 있을까요  ,Social
검찰   뇌물 혐의  노웅래 관련 국회 추가 압수수색,Social
화물연대  의왕   서 총파업 출정식  물러날 생각 없다 ,Social
화물연대  전국 물류 거점서 총파업 돌입  업무개시명령은 헌법 위배 ,Social
서울제일교회 탄압부터 납북까지 진실화해위   민간인 국가폭력  인정,Social
황교익  변명의 여지가 더탐사   청담동 술자리 의혹  거짓말 중계 사과해야 ,Social
화물연대 광주 전남     여명 총파업  안전운임 일몰제 폐지  종합 ,Social
 계열사 부당지원  조현범 한국타이어 회장실 등 압수수색 종합 ,Social
화물연대 총파업 전국 물류거점 곳곳서 운송차질 가시화,Social
검찰  이재명 계좌 쫓는다  대장동 일당  연루 단서 나올까,Social
박사방 조주빈 미성년자 강제추행  징역  개월  선고  다른 처벌 받은 점 고려 ,Social
컨테이너 물류난 현실화 우려   부산항 전역에 경찰 배치,Social
검찰  노웅래  뇌물 수수  의혹 관련 국회 본관 압수수색,Social
 최전방 떴다 던     진    월   일 연천 신병교육대로 입대,Social
 안전운임제 확대  인천에서도 화물연대 무기한 총파업,Social
부산 화물연대 신항서 출정식  안전운임제 일몰제 폐지 ,Social
 널 책임지고 싶다  후배에 문자폭탄 교사 시민단체  즉각 파면하라 ,Social
본격 총파업 돌입한 화물연대   오후부터 봉쇄 투쟁,Social
경찰   사과 박스    개  전달 의혹 은평구청장 불송치,Social
화물연대   개월만에 또 무기한 총파업  광양 평택항 봉쇄,Social
 청담동 술자리 의혹  첼리스트   거짓말했다  진술,Social
    숨지 말고 대답하라 던 황교익  첼리스트 거짓말 보도에  더탐사 사과해야 ,Social
전자파 안전 건축면적 부족 등 문제에도 데이터센터 허가한 용인시,Social
울산택시노조  택시 요금  서울 등 타 지역과 동일하게 적용해야 ,Social
    계열사 부당지원  한국타이어 회장실 등 압수수색,Social
 물류 멈춰 세상 바꾸자  화물연대    개 시도서 파업 출정식,Social
 계부 성범죄 알고도 묵인  극단적 선택 청주 여중생 친모 재판 넘겨져,Social
검찰   뇌물 혐의  노웅래 국회 본관 추가 압수수색,Social
 강제추행  조주빈   심 징역  개월    이미 처벌 받은 점 고려 ,Social
 청계천 자율주행 버스  내일부터 다닌다 최대  명 무료 탑승,Social
화물연대 대구 경북본부 구미서 파업 돌입  안전운임제 일몰제 폐지 ,Social
하차요구에 격분 집유 중 택시기사 경찰관 폭행   대  실형 ,Social
    계열사 부당지원  한국타이어 압수수색,Social
 이태원 참사  추가 피의자 조사 본격화 전 용산서    실장 서울청 정보부장 등 소환,Social
정부  화물연대 집단운송거부에 강력 대응     정당성 명분 없는 이기적 행동  화물연대 총파업 ,Social
 대장동 의혹 핵심  김만배 출소  법률적 판단 떠나 죄송 ,Social
 현장연결  화물연대  총파업  돌입 원희룡  운송개시명령 검토 ,Social
기아차  통상임금  차 소송도 패소          여명에    억 지급 ,Social
 서울제일교회 폭력 사태  보안사 개입 확인 진화위  국가 사과해야 ,Social
 정읍지역 교사가 동료에게 지속적 성적 괴롭힘 즉시 파면해야 ,Social
전북개발공사 사장 임명  주 만에 사직   혼선 책임론 불가피,Social
 목숨 걸겠다   달 만에 다시 거리로 나온 부산 화물노동자들,Social
계부 성폭행 알고도 묵인 극단선택 청주 여중생 친모 기소,Social
 정기상여금도 통상임금  기아차 노동자  차 소송  심도 승소,Social
 청주 여중생 투신사건  친모 아동복지법 위반혐의 기소,Social
        베이비스텝  보폭 좁혔지만   대출 이자 부담 여전,Social
검찰  국회 본관 압수수색  뇌물 혐의  노웅래 이메일 확보,Social
부산항 화물연대 파업  안전운임제 영구화  등 요구,Social
 속보 강원 초등학교   곳 중  곳   일 급식 파업,Social
검찰  한국타이어 압수수색   계열사 부당지원 혐의,Social
농가 전기료     올라   빚내서 농사 지을판 ,Social
용인시  죽전데이터센터  안전문제 해결되면 허가 검토 ,Social
정말 이상했던 이상고온  끝이 보인다   일부터  급 겨울 ,Social
경찰   사과 상자    개  전달 의혹 김미경 은평구청장 불송치,Social
검찰  이재명 대표 계좌 추적 착수    자택 현금  출처도 의심,Social
엇갈리는  기동대 배치  요청 특수본 용산서장 상황실장 모두 재소환,Social
 정부  안전운임제 약속 이행하라  화물연대 서경지부 총파업 출정식,Social
정시냐 수시냐  끊이지 않는 시소게임   정시  누가 더 좋아할까 교육과 불평등  ,Social
부실수사 의혹  청주 여중생 사건  충북경찰 추가 수사 착수,Social
 안전운임제 일몰제 폐지하라  화물연대 전북본부 총파업 돌입,Social
김동연   허위사실 공표  등 혐의 잇달아 무혐의 처분,Social
이태원 참사  유족 공개요구  어쩔 건가 행안부  이례적 긴 침묵,Social
최문순 전 강원지사  입찰 방해 혐의  사건 중앙지검서 수사,Social
서울대 연구진실성위원회  윤성로 연구팀 인공지능 논문  표절  ,Social
 서해 공무원   피격  서훈 전 국가안보실장 검찰 소환 피의자 신분,Social
개량백신 이상반응 신고  단가 백신의   분의   수준,Social
충북교사노조    일 공무직 파업 학생 학교 피해 최소화 대책 주문,Social
오토바이 타고 대낮 시골 빈집만 골라     만원대 금품 훔친   대에 구속영장 신청,Social
결국 멈췄다 화물연대  요구 관철때까지 파업 ,Social
 속보 화물연대 강원지역본부 총파업 출정식,Social
국방부     남북  대화로 해결 에   의 원론적 이야기 ,Social
양대노총  노동시간 유연화에 노동자 대부분 부정적 ,Social
유산문제로 친누나 폭행한   대  살인미수로 현행범 체포,Social
기아차  통상임금 소송 서 노동자 또 승소     억 원 지급하라 ,Social
 숙소 같이 가서 술 마시자  연수 도중 가이드에 추태 부린 완주 이장들,Social
오늘부터 편의점 비닐봉투 식당 종이컵 못쓴다 일회용품 제한 강화,Social
 급식 대란 오나   경기지역 학교 현장 내일부터  총파업 ,Social
 봉사시간 제공  중고생 촛불 단체 경찰 수사  교육부 유감 ,Social
일당까지 속여 돈 챙겨  제주 최대 외제차 투자사기 차량 딜러 구속,Social
 화물연대 파업  광주시 전남도 비상수송대책 상황실 가동,Social
 조두순 안산 떠나라  안산 주민들 기자회견,Social
 수원 세 모녀  막기 위해 통신사 정보 연계하고 강제로 문 연다,Social
 일회용품 금지인데  종이 빨대 공급 차질  일부  안 지켜도 되지 않냐 ,Social
 청계천 자율주행버스  내일부터 다닌다 최대  명 무료탑승 종합 ,Social
인천서도 화물연대 총파업 출정식 조합원     명 동참,Social
 세 모녀 사건  더는 없도록 질병 채무 정보로 위기상황 파악,Social
 전남 일신방직 부지 개발  공공성 확보 가 최우선 과제 ,Social
  년 김치통 방치    개월 딸 시신  머리뼈에 구멍  학대여부 수사 ,Social
 청주 여중생 사건  친모 아동학대 혐의 기소,Social
진작에 이랬으면    안전에 만전  광화문광장 월드컵 응원에 서울시 등 준비 철저,Social
구미서 화물연대 총파업 출정식  조합원    여명 집결,Social
  생활건강 차석용 부회장   년만에 용퇴 후임에 이정애 사장,Social
최문순  리조트 매각 입찰 방해 혐의  중앙지검이 수사한다,Social
이승진 변호사의   세대가 알아야 할 법률스킬   ,Social
  억 넘는 회삿돈 횡령해 도박에 쓴 수자원공사 직원  항소심 징역   년,Social
 안전운임제 사수  광주 전남 화물연대 총파업 가세,Social
서울대 보라매 병원 노조 이틀째 파업 외래 진료 일부 차질,Social
 년간 방치됐던   개월 딸 시신에 머리뼈 구멍 발견 학대 정황 ,Social
우리가 꼭 알아야 할 위트컴 장군     턴투워드 위트컴,Social
오세훈  자율주행버스는  안전빵  정신 깬 과감한 도전  종합 ,Social
검찰  이재명 계좌 추적 대장동 일당 연루 단서 확보 시도,Social
전 서울청 정보부장 특수본 출석 보고서 삭제  윗선  수사 본격화,Social
   채    억원 규모  깡통주택 사기   무자본 갭투자    대 주범 구속,Social
특수본  서울청 정보부장 피의자 소환   이임재도 재출석,Social
김관영 전북지사   투기 의혹  전북개발공사 사장 사표 수리,Social
첼리스트   씨  청담동 술자리 거짓말  남자친구 속이려고 한 것 ,Social
여자 화장실 불법 촬영 고교생 입건  경찰  피해자 없지만 위법 ,Social
학비노조 파업에  달걀 대신 빵    일선 학교들 대체급식 마련 분주,Social
마음 급한 방역당국  감염취약현장 돌며 접종 독려   가백신 맞아달라 ,Social
검찰   오너  세 부당지원  혐의 한국타이어 등 압수수색  종합 ,Social
산단 브로커에     만원 뇌물받은 진천군 전 공무원 파면 정당,Social
 성범죄자 조두순  안산 떠나라  주민 여성단체 반발,Social
 단독 검찰  유동규 진술 부합하는 핵심 물증 다수 확보 ,Social
양대노총  근로자 대부분   정부 노동시간 정책 에 부정적 ,Social
국내 최대 성매매 사이트  밤의 전쟁  운영자 징역  년 선고,Social
광주 전남 물류  스톱  화물연대 노조원  천명 파업 참여,Social
검찰   청주 극단선택 여중생  사건 친모 기소 아동학대 혐의,Social
국내 최대 성매매사이트  밤의 전쟁  운영자  징역  년 선고 받아,Social
 음원료  원  이승기 측  거짓말로 정산 회피 막말   년 신뢰 무너져 ,Social
오늘   일 부터 백신 접종 간격   일로 단축 다음 달   일부터 개량백신만,Social
 스토킹 신고했다 고   딴  만나느냐 고 애인 폭행한   대,Social
  대 의붓딸   개월간 성폭행 등 성범죄 저지른   대 계부  감형 ,Social
 부동산 투기 의혹  서경석 전북개발공사 사장 사의 표명,Social
 청담동 술자리  결국 거짓말 첼리스트  그 시간 그 술집에 있지도 않았다,Social
 안전운임제 확대   화물연대 무기한 전면 총파업 돌입  뉴시스    ,Social
용인특례시  죽전 데이터센터  시민안전 확보될 때 허가여부 검토 ,Social
 출발 서해안 시대  광주전남연구원 분리 목소리 잇따라,Social
시멘트업계  화물연대 명분없는 불법파업 중단해야 ,Social
 극단 선택 청주 여중생 사건  계부 성범죄 묵인한 친모 기소,Social
여성 지인 집 몰래 들어가 도둑질    반려견  사진 때문에 덜미,Social
 내 집인데 무슨 상관   실외기 위에 비둘기 밥 준 아랫집 사연  공분 ,Social
진실화해위  한국전쟁 당시 납북 피해자   명 인정  가해 주체  북한 정권 ,Social
 청담동 술자리 의혹  제기한 첼리스트  경찰에  거짓말 이었다  진술,Social
통일부  김여정  막말  담화에  매우 개탄 도적이 매를 들어 ,Social
만취 상태로 시민들 폭행 현역 대위 체포,Social
서울시  반지하 지상층 이주 시 최장  년간 월   만원 지원,Social
 딸 장기 팔겠다  전화에  철렁  은행으로 달려간 아빠,Social
서울 반지하 가구  지상층 이사하면  년간 월   만원씩 지원,Social
화물연대 포항 경주  개 지부 조합원     여명 파업 돌입,Social
 투기 의혹  서경석 전북개발공사 사장 사의 전북 떠나 종합 ,Social
특수본   보고서 삭제  의혹   서울청 정보부장 소환 조사,Social
 반지하  이주시 월  만원 지원 서울시    일부터 신청,Social
기아차 근로자  통상임금  차 소송도 일부 승소      억원 지급 판결,Social
 상여금도 통상임금  기아차노조   차 소송도  심 승소,Social
화물연대 광주  안전운임 일몰제 전면 폐지      여명 총파업,Social
퇴근길 경인고속도로   중 추돌  명 경상,Social
화물연대 부산서도 총파업 출정식   부산항 긴장 고조,Social
민변  이태원 참사 국정조사 기간 축소돼 빠짐없이 진상규명해야 ,Social
    진    월   일 경기도 연천 모 부대로 입대,Social
경기도   성남   후원금 의혹  관련 불구속기소 공무원 직위해제,Social
 안전운임제 일몰제 폐지  파업 돌입한 화물연대  부산신항서 출정식,Social
제주    세 이상이면 택시탈 때  만    원 무료,Social
윤석열 정부 언론 문제 우려 속 언론학계 제시한  비판언론학  화두,Social
충북교사노조  공무직 총파업 학교교육 파행 막을 대책 마련하라 ,Social
 아들 해치겠다  신고한 싱글대디 경찰 오자 흉기 들고 대치,Social
 김치통 에  년 방치된 딸 시신 부검결과  머리뼈에 구멍 ,Social
재학생 해킹으로 경북대 개인정보 유출 학교 대응 미흡 도마,Social
민주노총  개월 만에 화물연대 총파업 강행  안전운임 일몰제 폐지 ,Social
 단독     조현범 한국타이어 회장실 압수수색  부당지원 강제수사 착수,Social
제주대 총여학생회 존폐 학생 총투표      폐지 ,Social
부울경 특별연합 파기 두고 설전 오간 도정질문,Social
전세 사기로    억 가로챈   대 남성 구속,Social
군부대가 쏜 조명탄 탓에 연천군 야산에 불,Social
국방부    김여정 막말에  동의하는 사람 아무도 없을 것  종합 보 ,Social
검찰   서해 공무원 피격  관련  서훈 소환 조사중,Social
  중공업       파수꾼  해군 고속정  척 수주 쾌거,Social
 안전운임제 사수 끝까지 투쟁한다  인천화물노동자 밤샘농성 예고 종합 ,Social
 르포  화물차로 꽉 차야하는데  파업에 서울 시멘트 출하기지  적막감 ,Social
시흥 송도 잇는  배곧대교  건설 제동  시흥시 행정심판 기각,Social
어젯밤 포항교도소서 불 직원 초기 진화로 인명피해 없어,Social
국내 최대 성매매사이트  밤의 전쟁  운영자에 징역  년 선고,Social
 도덕성 논란  전북개발공사 사장  임명   일 만에 사의,Social
 서해 피격  서훈 전 국가안보실장 검찰 출석   윗선 수사 속도,Social
 운송차량 막진 않는 듯  제천 단양 시멘트 업체들 긴장 속 관망,Social
 성범죄자 조두순  안산 떠나라  이사갈 동네 주민 여성단체 반발,Social
서울시  이태원 소상공인에 최대  천만원 융자 지원,Social
 르포  태풍 피해 복구 한창인 포항제철소 기적 일구는 직원들,Social
 기아 통상임금   차 소송    억원 인용 법원  상여금  통상임금에 해당 ,Social
  살에 세월호    살에 이태원 친구 장례 이번이 마지막이길,Social
구룡포 과메기가 여의도 국회에서 왜 나와 ,Social
화물연대 대구경북지역본부  구미서 총파업 출정식,Social
지하철역서  만취 폭행  현역 공군대위 체포,Social
생후   개월 때 숨진 뒤 김치통에 담겨  년 방치된 여아 부검 결과  머리뼈에 구멍 ,Social
청계천 자율주행버스   일부터 운행 시작  누구나 무료로 탑승 ,Social
포스코   년 기술력 임직원 헌신이  포항제철소 복구 기적 만들어 ,Social
 청담동 술자리 의혹  첼리스트  전 남자친구 속이려 거짓말한 것 ,Social
 성남   후원금 의혹  기소된 경기도 공무원 직위해제,Social
 부모님 경찰서 불러   초등생 협박해 나체사진 찍게 한   대,Social
 조두순은 안산을 떠나라   옆동네 이사 소식에 주민 여성단체 반발,Social
 성적 우수했지만 여자라 재면접  첫 여성 조종사  성차별 폭로,Social
서울시 별들의 전쟁 시작    급 승진 카운트 다운,Social
 청담동 술자리 없었다   첼리스트  전 남친에 거짓말  진술,Social
최문순 전 강원지사  입찰 방해 혐의  사건 중앙지검서 수사,Social
  대 유류수송 철강 노동자도 이번에 동참  인천 화물연대  사활투쟁 ,Social
원희룡   화물연대 파업 운송개시명령 국무회의 상정 ,Social
기아차 근로자들   통상임금   차 소송도 승소,Social
특수본  주요 피의자 줄줄이 소환   용산서장  차 조사 종합 ,Social
 포착  예비군 때 배운      고객 생명 살렸다,Social
 유령 직원  고용  보조금   억원 타내 검찰   명 기소,Social
월드컵 한국 대 우루과이 격돌  제주 응원전  삼삼오오 ,Social
불성실한 태도로 상임감사 질타 퍼붓던 인천시의회  고령 노동자 비하 발언에  곤혹 ,Social
검찰   서해 피격 의혹  서훈  국가안보실장 소환,Social
 남친 속이려 거짓말  첼리스트 진술에 더 탐사  예상했다 ,Social
 서해 피살  윗선 겨누는    정부 안보 최고책임자 서훈 조사,Social
 상여금은 통상임금  기아차 근로자들   차 소송도 승소,Social
 김태열의 생생건강 펜  한국    년후     년에는 인구     만 감소 출생아 수는 절반으로  뚝 ,Social
 왜 딱지끊어요   전북 화물연대 총파업 첫 날부터 경찰과 충돌,Social
오영석 박사 별세  문제없이 성장하는 젊은이가 오히려 불안해 ,Social
서울대병원 노조 이틀째 파업 수술 연기 등 진료 일부 차질,Social
양대노총  근로자 대부분   정부 노동시간 정책 에 부정적 ,Social
   억 규모 무자본 갭투자  깡통전세  사기   대 구속,Social
미세먼지  증상도 없이 뇌 망가뜨린다     찍었더니  깜짝 ,Social
기아차 통상임금  차 소송  근로자    억 승소,Social
 공직선거법 위반 혐의  홍남표 창원시장   시간 검찰 조사받고 귀가,Social
 이태원 참사  경찰 윗선 수사 본격화 경무관 첫 소환,Social
대구 지하철   년 만에 멈추나 노조  내달  일 전면파업 예고,Social
보고서 삭제  윗선  수사  서울청 정보부장 소환 종합 ,Social
 뇌물 수수 파면 처분  전 진천군 공무원 행정소송 패소,Social
술 안 마셔도 생기는 지방간  치료약 나오나,Social
    서해 공무원 피격 사건  서훈  국가안보실장 소환,Social
인천서도 화물연대 파업 출정식  조합원     동참 ,Social
 강제징집 프락치 공작  사건  국가에 의한 인권침해로 인정,Social
검찰   서해 공무원 피격  서훈 전 국가안보실장 소환,Social
화물연대 총파업 돌입 정부  운송개시명령 발동 준비 ,Social
 현장영상  김만배  출소하며  소란 일으켜 송구 재판에 성실히 임할 것 ,Social
부산서도 화물연대 총파업 출정식  안전운임제 개악 중단해야 ,Social
빅테크 대거 감원에 실리콘밸리 구직자로 넘쳐나,Social
주범까지 속인 공범    억대 제주 외제차 사기 딜러  구속 ,Social
 투기 의혹  서경석 전북개발공사 사장 사의 표명,Social
광주 군 공항 이전 새 국면 함평 주민설명회 자청,Social
 성범죄 알고도 묵인  극단선택 청주 여중생 친모 기소,Social
유령직원 내세워 정부 고용 보조금   억원 빼돌려,Social
이제 편의점서 비닐봉지 못 준다 분식집 이쑤시개     햄버거 고정 꼬치   ,Social
철도노조  시민 불편 예상 안전한 지하철  공공 철도로 보답 ,Social
현대바이오  약물전달시스템으로 항암제 부작용 최소화 ,Social
 뉴스        핼러윈 위험분석 보고서 삭제 의혹  박성민 전 정보부장 특수본 출석,Social
서해 공무원 피격 첩보 조작 의혹 서훈 소환   곧 박지원도,Social
  중공업       파수꾼  해군 차세대 고속정  척 또 수주했다,Social
 안전운임 일몰제 폐지  화물연대 총파업 전남서     명 참여,Social
화물연대  의왕   서 총파업 출정식 노조원  천여명 집결,Social
학교 비정규직   일 총파업 학생들 급식 공백 어떡하나,Social
총 맞댄 적도  사우디 축하  아랍은 축제 중,Social
  정부 국가안보실장 서훈 검찰 소환  서해 공무원 피격사건  조사 뒤 구속영장 청구 관측,Social
구미시  화물연대 무기한 파업에 비상대책상황실 가동,Social
  세 이상 찾는 매력 관광지  위는 전남,Social
총파업 들어간 화물연대 한덕수  단호하게 조치할 것 ,Social
 술집서 만난 여성 성폭행  경찰   심 감형  피해자와 합의 ,Social
 남친 있어   전자발찌 부착한 채 열살 여아 성추행 시도한   대  징역  년 ,Social
 이재명은 소년원 출신  단톡방에 올린   대 벌금    만원,Social
오토바이 타고 빈집 돌며  천만원 금품 훔친   대 영장,Social
  서울청 정보부장 특수본 출석  조사 성실히 임할 것 ,Social
 과대망상 범행    박근혜 향해 소주병 던진   대 감형 이유  ,Social
 불타는 얼음  원리 활용해 특수화재 초기에 잡는다,Social
부산의  부기   잘 나가는 주니토니 만나네,Social
      아이들  거의 모든 뇌 부위 달라 ,Social
   대통령 한동훈 청담동 술자리 없었다   첼리스트  경찰에  남친 속이려고 거짓말  진술,Social
이동환 고양시장 선거법 수사  검찰  경찰에 재수사요청,Social
전북지역 화물차도 멈춰 서 물류 상황  촉각 ,Social
수십 년째 골칫거리  뉴트리아  박멸 단서 찾았다,Social
 추적 아동사망   죽지 않을 수 있었던 아이들 아동 사망 줄일 대책은 ,Social
김경수  가석방 또 무산 원유철 최흥집은   일 석방,Social
  남편 회사원  속인 조두순 아내  월세 취소 위약금  배 요구 ,Social
기아차  차 통상임금   법원  노동자 측 일부승소 ,Social
 매출     급감  이태원 상권 긴급 지원,Social
 요구 관철때까지 파업 깃발 안 내려  화물연대 총파업 돌입,Social
 삶 영상  국회의원 태영호  북한에 있는 친지들에 사죄하고 싶다 ,Social
 정부  안보수장 서훈   서해 공무원 사건  검찰 소환,Social
특수본   용산서장  차 조사   주요 피의자 줄줄이 재소환,Social
유산 문제로 다투다 친누나 폭행   대 남성 현행범 체포,Social
경찰  헬멧 쓰고 대낮 빈집털이   대 구속영장 신청,Social
 집주인  국회의원  명 중  명만 임대업 심사받아  제도  있으나마나 ,Social
청담동 술자리 의혹 제기한 첼리스트  경찰에  거짓말이었다 ,Social
주택    여채 매입  보증금    억 가로챈  갭투자 사기범  구속,Social
윤 대통령  청담동 술자리  목격했다던 첼리스트  거짓말이었다 ,Social
 한국  정규직 못되면 실패자 낙인    귀국 꺼리는  브레인 들,Social
경실련  국회의원   명 임대채무 신고 임대업 신고 의원은   명 뿐 ,Social
관광농원 만들어 돈벌려고    제주 산림 훼손한 농협조합장,Social
이낙연 복귀설에  측  조기 귀국 없다 ,Social
이정애   생활건강 신임        그룹 첫 여성 사장 ,Social
 보고서 삭제 의혹  전 서울청 정보부장 출석  조사 성실히 임하겠다 ,Social
 청담동 술자리  거짓말이었다 전 남친 속이려고  첼리스트 진술,Social
  개월 딸 시신 머리뼈에 구멍 사망 원인은 아직,Social
최우수 방공무기통제사에 김상훈 천호정 준위,Social
김만배 석방  이재명 관련 수사  최대 변수로,Social
첼리스트  청담 술자리 거짓말   김의겸 녹음 입수  수사한다,Social
서울대  윤성로 교수 연구팀 국제  학회 논문  표절  인정,Social
 비서 부정채용  의혹 고발된 김동연 불송치 경찰  혐의 없음 ,Social
 성범죄자 조두순은 안산을 떠나라  주민 여성단체 기자회견,Social
 이차전지 미래인재 키워달라  금양  부경대에   억 기부,Social
 속보   서해 공무원 피격  서훈   국가안보실장  검찰 출석,Social
 천화동인 그분  아는 김만배 석방  법정서 모든 것 말하겠다 ,Social
전두환 군부 비판 벽보 붙여 수감된 전기공   년만에 재심 청구,Social
 삶 영상  국회의원 태영호  북한에 있는 친지들에 사죄하고 싶다 ,Social
 보고서 삭제지시 의혹  서울청 전 정보부장  조사에 성실히 임할 것 ,Social
특수본   보고서 삭제 지시 혐의  전 서울청 정보부장 소환 조사,Social
 이태원 참사 전 서울경찰청 정보부장  특수본 출석    조사 성실히 임할 것 ,Social
대통령실 양산 사저      내 시위 못해,Social
 현장르포   왜 우리 동네야     아동성범죄자 조두순 이사 지역  술렁  영상 ,Social
원희룡  화물연대 파업  운송개시명령으로 악순환 고리 끊겠다 ,Social
편의점 직원 앞 중요부위 노출한   대   공연음란 아닌  강제추행 ,Social
 호남상인 짐싸라 던 하동군  화개장터  곳 광양 구례 상인에 배정,Social
서울 지하철 노조 준법투쟁 돌입 출근길 혼란 없어,Social
  중공업  해군 고속정  척 수주 독보적 기술력 재입증,Social
김치통에서 발견된   개월 여아 시신   머리뼈에 구멍 ,Social
실외기에 비둘기 밥 주는 아랫집  창문도 못연다  고통,Social
 배씨  이재명 자택서 억대 현금 들고 나와     김혜경 법카  공익신고인 소환,Social
원주시   천억  천억 규모      클라우드 센터  유치 나서,Social
 축구장  배  제주 산림 훼손   대 농협조합장  징역  년 개월 ,Social
대낮에 빈집만 골라  곳  오토바이 헬멧    대 구속영장,Social
서울시  이태원 상공인 긴급지원     만원 저리 대출,Social
충북경찰  화물연대 총파업 불법행위 엄정대응 단양 시멘트공장 집회,Social
  건설   편한세상 대전역 센텀비스타  본격 분양,Social
경기도  화물연대 총파업에 위기관리 나서  대응체계 격상,Social
오늘부터 접종 감염  개월 지나면  가백신 접종 가능,Social
 아들 살해하겠다  신고 뒤 흉기로 경찰 위협한 아빠 체포,Social
 오창 성폭력 피해 여중생 사건  친모 아동유기 방임 혐의 기소,Social
철도노조 태업 시작  아직 특이사항 없어     는 정상 운행,Social
  생활건강  이정애 신임 사장 선임  차석용 부회장 용퇴 ,Social
 아들 살해하겠다  끝나지 않는 부모의 위협 처벌 강화는 먼 나라 이야기,Social
검찰   서해피격  서훈 전 국가안보실장 소환 조사 후 구속영장 저울질,Social
신규확진  만 여명 백신 접종 간격     일   일  단축,Social
 르포 오늘부터 일회용품 제한 확대에도  남은 건 써야죠 ,Social
 강제 징집 프락치 강요    년 만에 진실규명  국가가 인권침해 ,Social
방문객 없다면서도 자체 홍보 손 놓은 태백시     세이프타운,Social
 속보  서해 피살 의혹  서훈 전 국가안보실장 검찰 출석,Social
 정부는 약속을 이행하라  의왕    일대 화물연대  붉은띠  물결,Social
양주 옥정물류창고  직권취소 사실상 불가능,Social
검찰   노영민 취업청탁 의혹     계열사 국토부 압수수색,Social
 이지한    아침에 눈 뜨는 것이 고통  아들아 미안하다 ,Social
남도한바퀴 이용객   대가 절반 이상 차지,Social
 청담동 술자리 의혹  제기한 첼리스트  전 남친 속이려 거짓말  경찰서 진술,Social
김동연 경기지사  비서 부정채용  의혹 무혐의 처분받아,Social
경기도  화물연대 파업  경계  단계 발령  부지사 본부장 체제로,Social
안전막 있었지만 위험천만  호선 고장으로 문 열린 채  개 역 이동,Social
 무자본 갭 투자 로    억 대 전세보증금 가로챈   대 구속,Social
컨테이너 운송 차질 우려   부산항 전역 경찰 배치,Social
  중공업  해군 고속정  척 수주,Social
 퇴출 위기  화개장터 호남 상인들 입점 가능 영호남 화합의 상징 유지,Social
 서해 공무원 피격  서훈  국가안보실장 검찰 소환 종합 ,Social
   이재명 자택 현금 관련  김혜경 법카 의혹  제보자 소환,Social
 치료약 없는 비알코올 지방간   형간염 치료제 효과적 ,Social
  차 유행 본격화    일 코로나   신규확진  만      명 오늘부터 백신 접종  개월 경과자 동절기 추가 접종 가능,Social
특수본  이임재 류미진 총경 재소환  차 조사 착수,Social
코로나   신규 확진  만   국산 백신 폐기될 수도 ,Social
화물연대  총파업 출정식 시작    안전운임제 영구화 ,Social
문 열린 채 한강까지 질주한  호선 역무원이 온몸으로 막아,Social
화물연대 총파업에 물류대란 우려 부산항 긴장 고조,Social
더 탐사  첼리스트 진술에  그럴 줄 알았다  가족 불이익 두려워해 ,Social
경찰   비서 부정 채용 의혹  김동연 경기지사 불송치 결정,Social
 똥파리 태극기  메시지 테러 받은 서경덕 교수,Social
스토킹 범죄로 수사받자 신고한 애인에 보복한   대 실형,Social
 속보   서해 피격  서훈   국가안보실장 검찰 출석,Social
 월  일 코로나 백신 맞았다면  오늘부터 개량백신 대상자,Social
 단독  만취한 채 시민들 폭행한 현역 대위 검거,Social
아들 볼모로 경찰과 흉기 대치한 싱글대디   지원 안해줘서 ,Social
박성민 전 서울청 정보부장 특수본 출석   성실히 조사 응할 것 ,Social
 성남   후원금 의혹  불구속 기소된 경기도 공무원 직위해제,Social
화물연대 파업에 포항공단 물류 차질 현대제철  천  출하 못해,Social
 청담동 술자리 의혹  첼리스트  경찰 출석해  거짓말이었다  진술,Social
화물연대 총파업 돌입 정부  불법 엄정 대응 ,Social
서귀포 시골마을 돌며 빈집 턴   대 검거,Social
   년 김치통 방치    개월 여아  머리뼈 구멍  친모  학대 안해 ,Social
    명 대화방에  이재명  소년원 출신      대 여성 벌금    만원,Social
  보   서해 공무원 피격  서훈  국가안보실장 검찰 소환,Social
 요로 관  사용 많은 탓 곰팡이 칸디다균 감염   년새    배  ,Social
다시 도시락 싸야 하나 학교 비정규직   일 총파업,Social
 단독     서훈 소환 조사 중 공무원 월북조작 의혹 추궁,Social
 청계천 자율주행버스  내일부터 정식 운행 최대  명 무료탑승,Social
 전기 자율주행 버스  청계천 달린다,Social
특수본  전 서울청 정보부장 용산소방 지휘팀장 소환,Social
서울시  이태원 소상공인 최대     만원 저리 대출 연     ,Social
 서해 공무원 피격  서훈 전 국가안보실장 검찰 소환,Social
   월   일 목  오늘  서울시  시 발주 공사입찰  부실 건설업체   개  아웃 ,Social
청계천 자율주행 버스  내일부터 달린다 누구나 무료 이용,Social
내일부터 청계천에 자율주행버스 달린다  요금 무료,Social
경찰  김동연 경기지사  비서 채용  의혹 불송치  공정 절차 ,Social
 이태원 참사  특수본  소방 현장지휘팀장 소환  용산서장 재소환,Social
김동연 경기지사  비서 부정 채용  의혹 무혐의 경찰  불송치 결정,Social
    만원대 빈집털이   대 검거 경찰  구속영장 신청,Social
고등학교 화장실에 불법 카메라 같은 학교 남학생이 설치,Social
 후보매수 혐의  홍남표 창원시장    시간 소환조사 후 귀가,Social
 달걀  빵으로 갈음   학비노조 총파업  대체급식 마련에 분주한 학교들,Social
감옥 갔다 온 지  년도 되지 않아 또 초등생 성착취물 성폭행   대  징역  년,Social
백신 접종 간격   개월로  달 단축  신규확진  만명대로 감소,Social
 옷 벗은 사진 보내야 도용신고 취소돼  초등생 성추행한   대 실형,Social
 취재석  고향사랑기부제 기대와 우려,Social
오늘부터 식당서 종이컵 플라스틱 빨대 편의점 비닐봉투 사용 금지,Social
 이순신 최후 순간  담긴 서애 유성룡의 달력 일본서 환수,Social
서초아파트지구  지구단위계획으로 전환  재건축 수월 ,Social
 이태원 참사   송채림 씨 아버지    시간을 자식 시신 찾아 헤맸다 ,Social
화물연대 파업  경계  경기도   부지사 본부장 격상,Social
  년 김치통 방치    개월 딸 부검 결과  머리뼈에 구멍 ,Social
이장우 대전시장   호선 트램 연말 변경안 발표   내년 착공 ,Social
출입문 열고 달린  호선  역무원이 몸으로 막았다,Social
신규확진  만    명   주전보다     명  위중증  일째    명대 종합 ,Social
청담동 술자리 없었다 첼리스트  전 남친 속이려 거짓말 ,Social
경찰   비서 부정채용  의혹 김동연 경기지사 불송치 결론,Social
제주대 총여학생회 출범   년 만 폐지 수순밟나,Social
서울지하철노조 철도노조  준법투쟁  돌입   일 다음달  일 총파업,Social
전자발찌 차고  남친 있니     살 여아 성범죄 시도한   대,Social
정진석  민주노총 총파업  위기 놓인 경제에 타격 즉시 접어야 ,Social
화물연대 파업  경계  발령 경기도  대책본부  부지사 체제로,Social
내달  일 출국하는데  송영길  국민의힘 고발 취소에도 선거법 위반 혐의로 검찰 송치,Social
 역주행 킥보드 때문에 경찰차 박아 어떻게 해야 되나요 ,Social
 이재명은 소년원 출신  단톡방에 올린   대  벌금형,Social
 만    명 확진  위중증  일째    명대 추가접종률      종합 ,Social
김종민  민주  이재명 방탄정당 되면 조국사태 재연 ,Social
 최강시사  국토부  안전운임제  효과 불명확     화물연대  밑바닥 운임 그만 ,Social
전국철도노조 오늘 태업 시작  첫날 순조롭게 운행 특이사항 없어,Social
화물연대 파업 여파 광양항 여천산단  물류대란 현실화,Social
울산 장현도시첨단산단 진입도로 내년 착공     년 개설,Social
법원   혼인신고 했어도 스토킹 보복 폭행 합리화 안돼 ,Social
   여년 후 기억이 떠올랐다  뿌리를 자르는 고통  홀로 겪지 않도록 ,Social
김동연 지사  지방선거 의혹 잇단  면죄부 에 도정 행보 탄력,Social
  세 이상이 가장 선호하는 관광지는  전남 ,Social
박근혜 탄핵 집회도     콘서트도 안전했다  이태원은 왜 ,Social
 청담동 술자리  거짓말이었다 첼리스트  남친 속이려고  경찰에 진술,Social
화물연대 파업 돌입 부산항  긴장 ,Social
 윤석열 한동훈 술자리  의혹  거짓이었다  경찰 조사서 진술,Social
 대장동 핵심  김만배  구속기간 만료 석방  소란 일으켜 송구 ,Social
 속보  코로나 신규 확진  만    명 전주대비     명 증가,Social
화물연대  내일 전국   개 본부서 출정식  경찰  엄정 대응 ,Social
   김준일 락앤락 전 회장  동남아 법인 횡령 뇌물  혐의 기소,Social
출근 시간 문 열고 한강 달린  호선   직원이 온몸으로 막았다  영상 ,Social
이재명 수사 앞둔 검찰  국정조사 포함에 내부 격앙,Social
다이어트에 특효라더니 중국산 저질 분말  짝퉁 시서스    만 병 팔아,Social
화물연대   총파업  돌입 물류대란 우려에 산업계 비상,Social
구조적 성차별  우리 일터에 있다,Social
서울지하철  준법투쟁  출근길    호선 지연됐나 보니,Social
 청담동 술자리 없었다   전 남친 속이려 거짓말  첼리스트 진술,Social
신규 확진  만     명   주 전보다     명  위중증  일째    명,Social
  유산 두고 다투다 친누나 살인미수 혐의   대  체포,Social
성폭행범 잇단 출소  주민들은 불안 근본대책은 ,Social
검찰  이재명 자택 현금  수사 민주당  악의적 주장  재산신고했다 ,Social
 속보 확진  만     명  전주보다     명  위중증    명 사망   명,Social
천안 화학제품 제조 공장 불  야산까지 번져  명 부상,Social
 화물연대 파업  경기도   부지사 본부장 체제로 자가용 유상운송 허가,Social
 소란을 일으켜 여러모로 송구  출소 후 입 닫은 김만배,Social
용인시  죽전 데이터센터  시민 안전 확보되면 허가 검토할 것 ,Social
보고서 삭제 의혹  윗선  겨눈다 서울청 정보부장 소환,Social
스토킹 고소한 연인 찾아가 마구 때린   대  징역  년,Social
 농협직원이 낮술 먹고 성폭행했다  경찰 본격 수사,Social
술 마시다 시비  이웃에 흉기 휘두른   대    구속 송치 ,Social
프랑스 장관 키워낸 오영석 전       교수 별세,Social
지역농협 직원  낮술 회식서 관계기관 직원 성폭행 의혹 경찰 수사,Social
 만    명 확진  목요일   주만에 최다 위중증  일째    명대,Social
   살이면 돌아가실 나이  한민수 인천시의원 망언 논란,Social
 인터뷰  이태원  유족  눈 뜨는 것이 고통   함께 모일 때 가장 큰 위로 ,Social
 영상  말 아낀 김만배  법률적 판단 떠나 죄송하다 ,Social
학교비정규직 내일 총파업 교육청  도시락 지참 등 대책 마련,Social
 자신 없으면 애 낳지 마  비행기서 난동부린   대   집행유예 ,Social
매사에 무리 안하고 하루  시간 숙면 반려견과 매일 산책,Social
 월드컵 단체응원  전국   곳  만여 명 경찰 기동대 특공대 투입,Social
라이터 들고 주민센터 찾아간   대  소화기 뿌려 제압,Social
학교 계단서 여학생 몰래 찍은 고교생  잡고보니 화장실 몰카도,Social
 년  김치통  방치   개월 딸 시신 머리에 구멍  학대여부 수사 중 ,Social
 유산 말다툼  누나 살인미수 경찰    대 현행범 체포,Social
인천 지자체장들 잇단 확진에  코로나   주의보 ,Social
편의점서 오늘부터 비닐봉지 사라진다  구매도 안돼,Social
지하철서 쓰러진 승객 구한 부산백병원  서진욱 간호사  선행  귀감 ,Social
 호선  문 열린채 한강 건넜다 몸으로 막아선 역무원  아찔  영상 ,Social
국내 연구진  펩사이드 보충제  코로나 치료 가능성 확인,Social
법원   스토킹 고소  여자친구 보복폭행한   대 징역  년 실형 선고,Social
  인  조 근무 지켜야  서울지하철 노조  출근시간 준법투쟁,Social
이태원참사 골든타임    분 뒤인   시까지   대통령 그 뒤에 알아,Social
특수본   보고서 삭제 지시 의혹  서울청 전 정보부장 소환,Social
김동연 경기지사  비서 부정 채용  의혹 무혐의 경찰  불송치 결정,Social
용인시  기관장 알박기  없앤다 새 시장 오면 임기 자동 종료,Social
검찰   노영민 취업청탁 의혹  국토부 등 압수수색,Social
유산 문제로 다투다 친누나 살인미수 혐의   대  현행범 체포,Social
특수본   서울청 정보부장 용산소방서 지휘팀장 등 줄소환,Social
 대장동 수사팀  이재명 본격 수사  자택 현금  진술 확보,Social
스토킹 고소하자 여친 보복폭행   대   징역  년,Social
내년 사립대 강사법 예산  원    강사법 예산 홀대 ,Social
 가로수길 이탈 막자  임대료 동결땐 용적률 인센티브,Social
 천   만원 뇌물 받은 전 진천군 공무원 파면 정당,Social
경기남부경찰  화물연대 총파업 대비 경찰력 최대 동원,Social
 부모님 경찰서 부르겠다  초등생 협박 성착취물 제작한   대,Social
 핫클릭  미나미노  한국  특별한 일낼 수 있어 오늘 이기길   ,Social
 르포 화물연대 총파업 광양항 가득 메운 수백여대 컨테이너 차량,Social
경기도  화물연대 파업 대응 행정 부지사 체제로 격상,Social
편의점 비닐봉투  오늘부터는 돈 주고도 못 산다 ,Social
박정희 전 대통령 비난해 징역형 선고받은 교사   년만에 명예회복,Social
화물연대 오늘 총파업 돌입  정부  불법적 운송거부 일체 관용 없다 ,Social
이종섭        발사  차 핵실험 준비  국제사회 심각한 위협 ,Social
 감히 고소해  스토킹 신고에 보복폭행 반복한   대  징역  년,Social
칠곡서 로또  등 당첨 한꺼번에  장   럭키 칠곡 포즈  연관 ,Social
화물연대 파업 돌입 부산항  긴장 ,Social
광주 북구 아파트 화재   대 남성 위독,Social
김만배 구속기간 만료 석방    언론 인터뷰 안한다  ,Social
서초 이수 아파트지구 지구단위계획 전환  재건축 쉬워져 ,Social
 내일날씨  오후부터 흐림 수도권 충청 등 미세먼지  나쁨 ,Social
화물연대 파업 부른  안전운임제  뭐길래     안전보장    운임상승 ,Social
김만배 구속기간 만료 석방    언론 인터뷰 안한다  ,Social
서초 이수 아파트지구 지구단위계획 전환  재건축 쉬워져 ,Social
 내일날씨  오후부터 흐림 수도권 충청 등 미세먼지  나쁨 ,Social
화물연대 파업 부른  안전운임제  뭐길래     안전보장    운임상승 ,Social
치명률 높은 혈류감염 유발  칸디다균  요로감염    년 새  배 ,Social
기초생활수급비 불만 주민센터서 분신 시도한   대,Social
오늘부터 편의점 비닐봉지 식당 종이컵 제공 금지 월드컵  차전 응원 현장 혼란 우려,Social
고교  화장실에 몰카 설치한 남학생  여학생 신고로 덜미,Social
 예쁘다  술 한잔   가이드에 추태 부린 완주 이장들  공무원도  쉬쉬 ,Social
특수본   핼러윈 위험분석 보고서 삭제 의혹  전 서울청 정보부장 소환,Social
 대장동 키맨  김만배 석방  법률적 판단 떠나 죄송 ,Social
 이재명 소년원 출신   단체방서 허위사실 유포   대   벌금형,Social
실외기 쪽으로 비둘기 밥 주는 아랫집    내 집인데 무슨 상관  뻔뻔,Social
서울 지하철 노조 준법투쟁 시작 출근길 운행 차질 없어,Social
임신부 하반신 마비  구급차 사고  운전 소방대원 입건  왜 ,Social
초등생 협박해 성 착취물 제작   대  징역형   재범 위험성 높아 ,Social
경인고속도로 부평   인근서   중 추돌   명 부상,Social
 임신 중 소량 알코올도 태아 뇌에 영향 ,Social
특수본   보고서 삭제 의혹   서울청 정보부장 오늘 소환,Social
 뉴스라이더  숨진 아기 시신 숨기고 양육 수당까지  죽인 건 아니야 ,Social
광주 전남서 하루 새 코로나   확진자 각각     명     명 발생,Social
화물연대  개월 만에 또 파업 이 시각 부산항,Social
 이시각헤드라인    월   일 라이브투데이 부,Social
전북대학교 총장 임용  순위 후보자 양오봉 교수 선출,Social
안동 옛   사단 부지 활용 방안  국회도 나섰다,Social
 출근길 인터뷰  고금리 고물가 부실 내몰리는 소상공인  대책은 ,Social
청담동 술자리 없었다   첼리스트  전 남친 속이려 거짓말  진술,Social
미성년 자녀 둔 성전환자  성별 정정  될까    일 대법 판단,Social
낮 최고      도 일교차 커 중서부 미세먼지  나쁨 ,Social
김동연 지사  정부  화물연대파업  개월 수수방관 불법 엄단 안돼 ,Social
개막식 장식한 모건 프리먼  돈 받고 스포츠 워싱 동조  비난 역풍,Social
 오세훈 비판     글  송영길  선거법 위반 혐의 검찰 송치,Social
김만배  구속기간 만료 석방   재판에 성실히 임할 것  죄송하다 ,Social
 남부 최악 가뭄    생각보다 훨씬 심각  수압 낮추고 영산강물 끌어와,Social
여성 배달노동자  큰 도로 신호 째기  무섭지만 해야 돼요 ,Social
유산 문제로 친누나 폭행한   대 남성  현행범 체포,Social
스토킹 고소한 연인 보복폭행한   대   징역  년,Social
제한급수 다가오는데 수돗물 소비  여전 ,Social
광주 전남 사흘째     명 이상 확진 추운 날씨 영향,Social
 내 인생 이승기 죽이는데 쓸거야  소속사 대표 녹취록 파문,Social
취업 프로그램 참가 인원 부풀려 정부 보조금 타내,Social
 이승기  넌 마이너스 가수     억 음원 수익 숨기고  달라하자 협박한 소속사 대표,Social
 뉴스쏙 속 일본이 독일을 꺾었다  이젠 우리 차례 ,Social
문 열린 채 한강 위로 달렸다 공포의  호선 출근길,Social
 물류대란  우려에 정부 기업 바짝 긴장  화물연대 오늘부터 총파업 돌입,Social
 대장동 키맨  김만배 석방    소란 일으켜 송구 ,Social
스토킹 범죄 고소한 전 연인 보복 폭행해  외상후 스트레스 장애    대에 징역  년,Social
 대장동 키맨  김만배 출소  그 분  폭로전 입 닫나,Social
특수본  이태원 참사 지휘했던 소방 현장지휘팀장 오늘 소환,Social
미세먼지  뇌졸중 치매 유발하는 질환 발생 위험       로 확인,Social
 뉴스딱   욱일기 들지마  했다고 태극기에  똥파리 테러 ,Social
 뉴스딱   만 원 냈더니  서운한 것 있니   불붙은  축의금 논쟁 ,Social
 굿모닝    날씨 출근길 어제보다  쌀쌀  낮 기온 어제와 비슷  일교차 유의,Social
 도전하는 젊은 창업자들에게 지방은 기회의 땅이죠 ,Social
 뉴스딱  가이드 성희롱한 이장들 따지자  시골 아저씨들이라 ,Social
나경원  출산율 제고만 몰입하지 말고 이민 문제도 검토해야 ,Social
  살 장애아동에게      약 먹이고 강제입원 시킨 그룹홈  시정권고 ,Social
 뉴스딱   남편 회사원  조두순 아내  월세 취소에  보증금 더 달라 ,Social
지인 집에서 절도   대 피해자 반려견 사진 보냈다 덜미,Social
농협 직원이 관계기관 직원 성폭행 신고  수사 착수,Social
오늘부터 편의점서 비닐봉투 달라면 안돼 식당 종이컵도 사용 안 돼,Social
글로벌 기업 입주 늘어나는데 인천 송도 전력수급 차질,Social
천안 화학 제품 제조 공장 불  명 부상,Social
   한동훈 술자리  허위 첼리스트  남친 속이려 거짓말했다  진술,Social
퇴근길 경인고속도 부평    부근서 차량   대 연쇄추돌   명 부상,Social
경기도  화물연대 파업 비상수송 대책본부장 행정 부지사 격상,Social
 출근시간  개 역 문 열고 달렸다  온몸으로 막은  호선 역무원,Social
    화장품 광고 속 피부과 의사 알고 보니 대역 배우 ,Social
 청담동 술자리 다 거짓말 남친 속이려한 것  첼리스트 진술,Social
온실가스 감축 급한데 배출권거래제 개선안  핵심 은  내년에 논의 ,Social
막내린 제  차 세계기후총회 결정적 장면  가지,Social
 인터넷 와글와글  내 이름 걸고이승기를   오염 사료 탓  역전패에 분노,Social
오늘부터 음식점에서  종이컵  등 일회용품 못써요,Social
적자 공기업에 또  낙하산  어떻게 뽑았나 ,Social
총파업 출정식 앞둔 화물연대   올해 들어 두 번째 파업,Social
부산 신항 운송 차질 우려   항만 전역 경찰 배치,Social
온실가스 덜 내뿜는 기업에 배출권 더 주고 거래 활성화,Social
 농요 흔적찾아 녹음기 들고 세계 누볐죠 ,Social
 년 걸린 박원순 성희롱 인정   사실관계 왜곡에 마침표 됐으면 ,Social
구속기간 만료로 석방된 김만배  소란 일으켜 송구  재판 성실히 임할것   뉴시스    ,Social
지역농협 직원  점심회식 술자리서 관계기관 직원 성폭행 의혹,Social
 이슈분석  김만배 통해 밝혀져야 할 쟁점은 ,Social
 경찰 신고 취소하려면 옷 벗은 사진 보내  초등생 협박해 성 착취물 제작한   대   징역  년,Social
축의금  만원 했더니  서운한거 있냐  물었다는 직장선배,Social
 호선 의왕역 선로에서   대 남성 전동차 치여 사망,Social
경북      명 코로나   확진 사망자는   명,Social
  개월 된 딸 숨지자  년간 시신 숨겨 친정집 시댁으로 옮기기도,Social
딸 숨지자 김치통에 숨긴 부모 이후 양육수당도 챙겼다,Social
이태원 참사 국조  오늘부터   일간 예산 처리 직후 본격 개시,Social
피해자 수만 명 울린  편파 변제  책임 회피 변명 일관,Social
윤 정부 첫 국정조사  삼풍 부터  세월호 까지 역대 사례는,Social
수온 상승 실험에 소라는  위안에는  석회조류 ,Social
  세 제자와 성관계로 파면된  교사  나이차 있는데 합의  의문 ,Social
접촉사고 후 차에서 내렸는데 화물차가 쾅 경차 불나  명 숨져,Social
지하철 철도 준법투쟁    출퇴근길 혼잡 우려,Social
지인 집에서 현금 훔친   대 반려견 사진 한 장에 덜미,Social
검찰   김혜경 법인카드  제보자 소환,Social
 아침신문 솎아보기  민주노총 총파업에 경향  정부 방관 재파업 불러  조선  나만 살자는 것 ,Social
첼리스트   남친 속이려 거짓말했다  경찰서 진술,Social
요일도 밤낮도 없는 화물차 기사의   시간    일 노동      데이터 탐사보도  ,Social
술 마시다 시비 이웃에 흉기 휘두른   대  구속송치 ,Social
병원 향하던 구급차  쾅  타고 있던 임신부 하반신 마비,Social
 대리 사직서 로 직원 자른 의원실 노동위  부당 해고 ,Social
학교비정규직도   일 총파업 학부모들  자녀 도시락  싸야 할지도,Social
   억 규모 성동사랑상품권 발행,Social
 선거법 위반 혐의       정의당 이은주 의원에 실형 구형,Social
이태원 참사  명 추가 입건 정보부장 오늘 소환,Social
석방된 김만배  재판 성실히   이재명 수사  최대 변수,Social
홍남표 창원시장   선거법 위반 혐의    시간 검찰 조사,Social
검찰  이재명 수사 공식화 핵심은  정치적 공동체  입증,Social
 세일즈 총장되겠다  전북대 총장 임용 후보 양오봉 교수,Social
구속 적법성 다시 따진 정진상  늦어도 오늘 오후 결과,Social
고교 여자 화장실에 몰카 설치한 남학생 경찰 입건,Social
김만배  구속 기간 만료 출소  법률적 판단 떠나 죄송 ,Social
화물연대 총파업   지역본부별로 총파업 출정식,Social
 보고서 삭제 의혹  윗선 겨눈다 서울청 정보부장 입건,Social
 부모님 경찰 출석해야  초등생 협박 나체 사진 찍고 성추행한   대,Social
 뉴스       화물연대 오늘부터 총파업 산업계  긴장 ,Social
김만배 출소  법률적 판단 떠나 죄송  언론에 말 안해 ,Social
 이재명 최측근  정진상  시간 동안 구속적부심사,Social
보도연맹 학살과  고무신    애도에 자격이 필요한가 사물의 과거사    ,Social
녹조라테와 수돗물 정봉석의 기후환경 이야기    ,Social
전 서울청 정보부장 등 추가 입건  당일 골든타임  밤   시 ,Social
 취업 청탁 의혹  압수수색 노영민 정조준,Social
 보고서 삭제 의혹  고위급 소환  명 추가 입건,Social
장애시 받는 국민연금  최대 소득대체율     불과,Social
이 시각 부산항 화물연대 총파업 돌입,Social
다시 이태원 찾은 생존자들  더 구조 못해 미안합니다 ,Social
오늘부터 일회용품        편의점 비닐봉투 식당 종이컵 금지,Social
 일회용품 규제  반쪽 시행 당장 금지되는 품목은 ,Social
 넉장 카드  오늘부터 일회용컵 비닐봉투 안되는거 맞나요  결론은  글쎄요 ,Social
남성인 당신  우울한가요  성 고정관념부터 내던져 봅시다,Social
매경이 전하는 세상의 지식  매 세 지    월   일 ,Social
화물연대   일 총파업 돌입  정부  불법 행위 엄정 대응  예고,Social
해운대 송정 전세보증금 편취 피의자  다른 사건으로도 검찰 조사,Social
 또 겨울   하반기 분양  건  산업단지 찬바람  계약포기 속출 ,Social
 월  일 마지막 접종했다면  오늘부터 개량백신 대상 ,Social
주상복합   편한세상 대전역 센텀비스타  본격 분양 돌입,Social
딸 시신  년간 베란다 방치  머리뼈에 구멍  왜 ,Social
대선 앞두고 단체 대화방에 이재명 허위사실 공표한   대  벌금    만원 ,Social
 와글와글  인천대교 투신 방지용  드럼통  논란,Social
 녹화 공작  연루자   년간      명  전역 후에도 프락치 강요 ,Social
 부모님 경찰서 부를까  초등생 협박 나체사진 찍게 한   대,Social
 장사도 안되는데  무전취식에 한숨쉬는 자영업,Social
숨진   개월 딸을 시신 감추고 수당 챙겨,Social
 도시 가 버린 것들  섬 으로  치울 배가 없다 ,Social
출근길 지하철  호선  문 열고 한강까지 달렸다  몸으로 막은 역무원  위태 ,Social
 조두순 이사 막겠다  쇠창살에 트럭까지,Social
초등학생 아들 앞에서 흉기 들고 살인 예고한 아빠,Social
화천대유 대주주 김만배 출소   언론 인터뷰 안하겠다 ,Social
 대장동 수사팀  이재명 본격 수사  자택 현금  진술 확보,Social
출근길 지하철  호선 출입문 열고 달려 직원 둘이 온몸으로 막았다,Social
 훈련소 종교행사 강제참석 헌법 위반  오늘 헌재 결론은,Social
이태원 참사  피의자  추가 입건  윗선 은 아직,Social
 사연뉴스  축의금  만원에  직장선배  서운한 거 있니  ,Social
 대장동 의혹  김만배 석방 이재명 수사 시동,Social
숨진   개월 딸 시신  년간 숨겨 친부모 입건,Social
화물연대 파업 돌입 부산항  긴장 ,Social
 미세먼지  증상도 없이 뇌 망가뜨린다    로 첫 확인 ,Social
남욱 이어 김만배 석방  천화동인 호  주인 밝힐까,Social
   세면 돌아가실 나이   경찰나부랭이  누가 한 말일까 ,Social
특수본  소방 현장지휘팀장 오늘 소환 골든타임   분 ,Social
 아들 살해  예고한 싱글대디 흉기 든 채 경찰과 대치,Social
오늘부터 편의점서 비닐봉투 달라면 안돼 식당 종이컵도 금지,Social
툭하면 멈추는 풍력발전  공급 과잉 때  우선 가동 중지  탓  연중기획 지구의 미래 ,Social
 이재명 측근  정진상  구속 유지 여부  오늘 결정,Social
 아침에 보니 죽어있었다    개월 딸 숨지자 옥상에  년간 시신 은폐한 부모,Social
서울 지하철  호선 열차  출입문 열린 채  개역 운행 현수막으로 막아  영상 ,Social
피의자  명 추가 입건 전 정보부장 오늘 소환,Social
편의점 여성점원에게 신체 주요부위 노출한   대 남성,Social
편의점 일회용 비닐봉투 돈 줘도 못 산다,Social
병원 화물 학교 지하철  릴레이 파업    정부 무능에 분노 커졌다 ,Social
 안 할 이유 없다   안전 우려  우루과이전 앞두고 거리응원 온도차,Social
이재명 범죄 관여 추궁 나선    배임죄 적용  자신하는 이유는,Social
 생생확대경  로톡은 쇼미더머니  청년변호사의 딜레마,Social
백신 접종간격    일     일로 단축  동절기 고위험군 보호 필요 ,Social
항공기서 아기 울자  애 교육 안 되면 다니지 마  부모에 폭언 침 뱉은   대  집행유예 ,Social
 비즈 사건파일   동거  명품시계 담보로 돈 빌린    유죄   사실혼 관계엔  친족상도례  적용 안돼,Social
 이슈     장애시 받는 국민연금  상대적 빈곤선보다 적어,Social
미성년 자녀 둔 성전환자  성별 정정 허용될까 오늘 대법 선고,Social
 출근길 서두르세요  서울지하철 노조 오늘부터 준법투쟁,Social
 서울경찰청장 곧 소환  특수본  윗선  수사 어디까지,Social
광화문 월드컵 거리 응원 경찰    여명 투입 안전관리 총력,Social
 이번주가 재유행 정점일 수도  백신 접종간격 축소한 이유,Social
석방된 김만배   폭로전  남욱 유동규와 입장차   향후 법정 발언 주목,Social
 천명 대화방에  이재명  소년원 출신   심 벌금    만원,Social
 년간 여대생 집 앞 음란물 튼   집 못 가는 피해자  우려 없다는 경찰,Social
미성년 자녀 둔 성전환자  성별 변경  될까 오늘 대법 판단,Social
 화천대유  김만배 출소  소란 일으켜 송구 재판에 성실히 임할 것 ,Social
피칠갑인 상태로 전처 처남 아내 죽였다 왜 ,Social
 안 건드릴게 술 한잔만   가이드에 추태 부린 완주 이장들,Social
 분유 탈때마다 몇번씩 반복  장애 에겐 일상이 전쟁인  출산 육아 ,Social
 단독    억 코로나 방역 사업에 무더기  쪼개기  수의계약,Social
 급식 돌봄대란  해마다 되풀이되는데 접점 못 찾나,Social
법조계  남욱 증언  김만배가 인정해야 이재명 유죄 증거로 사용 가능 ,Social
 단독 용산서  핼러윈 대책  경비과만 배제 기동대 불발로 직결됐나,Social
경찰   짤짤이  발언 최강욱 불송치    모욕 의도 없어 ,Social
 뛰는마약 걷는정부  마약 대응 범부처 간사 식약처  전담조직 폐지 기로,Social
건보공단    억 횡령    도주 직원 두 달째 오리무중,Social
청장년은 개량백신 없어도 거뜬   접종해야 롱코비드 위험  ,Social
 댓글 조작 사건  김경수 가석방 또 무산,Social
노영민 취업청탁 개입 의혹        계열사 등 압수수색,Social
대학생 강제징집 프락치 공작     명 확인     명 피해자 인정,Social
 대장동 키맨  김만배 석방   어떤 언론과도 인터뷰 안 한다 ,Social
특수본  밤   시  구조 골든타임이었다    보고서 삭제  경찰 등 무더기 추가 입건,Social
 얼마나 아팠니  바람에 몸부림치는 유족 지인의 글,Social
 폭발 위험에도   시간 달려 화물차 안전운임제 늘려라 ,Social
 그곳에선 고통 없길   시민들이 남긴     개의 메시지,Social
    이재명 수사  사실상 공식화하나 ,Social
 단독  성남   의혹  경기도 공무원 직위해제 술렁이는 공직사회,Social
 뜨거운 감자  남산혼잡통행료  폐지해야        년 동결이 문제 ,Social
김만배  년 만에 석방  어제의 동지  대장동  인방 앞날은,Social
 자식 보기 부끄러워   성범죄 당하고도 숨는 노인들,Social
 단독  이재명   년전   김영철에  경제 시찰단 초청해달라  공문,Social
전자발찌 끊고 도주 경찰 추적 비웃는  지명수배자     만명 활개,Social
화물연대 오늘부터 총파업  다음은 학교 철도 정부  엄정 대응  예고,Social
남성 절반 피던 담배     로 줄었지만  전담 은 되레 늘었다,Social
 뉴스       석방된 김만배  이재명 측 지분  답 피했다,Social
김건희 여사님   구원자 가 되려 하지 마십시오,Social
 미디어 브리핑  한전         지분       전량 매각,Social
 말 안 들으면 너도 저렇게 된다     여인숙에서 느낀 공포  납북귀환어부 이야기 ,Social
 예쁘다  술 한잔   가이드에 추태부린 완주 이장들,Social
 기초생활수급비 왜 줄어   주민센터 분신 시도 난동,Social
 세종   역은 행정수도 핵심 인프라  여론전 불지피는 세종,Social
 법은 금지 안 하는데    비혼 인공수정 시술 안 된다니요   산부인과학회와 싸우는 여성들,Social
석방된 김만배        억 약속 도    억 클럽 도 그의 입에 달렸다,Social
다른 길 걷는 김만배   출소 후  소란 일으켜 죄송   포착 ,Social
 차선에서 튀어나온 역주행 킥보드에 급제동한 경찰차   뒤따르던 택시가  쾅 ,Social
강남 성형외과서 얼굴 리프팅 수술 받은 러시아   대   사망,Social
 단독   남편은 회사원  조두순 부인이     만원 들고와 집 계약,Social
서울 지하철 노조 오늘부터 준법투쟁  출 퇴근길 운행 지연 예상,Social
곽상도 재판 증언대 서는 남욱     억 클럽  폭로도 내놓을까,Social
 월 파업은 국지전  이번 파업은 전면전,Social
 노영민 취업 청탁 의혹     자회사 압색,Social
김경수 또 가석방 불발  원유철 최흥집은 석방,Social
  향해 고삐죄는    정진상 김용  뒷돈  승인했나 입증 주력,Social
 파이팅 코리아   오늘밤 전국   곳서 수만명 거리응원,Social
특수본  서울청 정보부장 등  명 추가 입건,Social
편의점 비닐봉투 금지 식당 카페 종이컵 못써,Social
미분양 넘치는 대구   개월 거주 분양조건 폐지한다,Social
 막내는  시간 일찍   아침  시 회의      직장갑질  아닌가요   그래도 출근 ,Social
여기가 쓰레기 소각장  쓰레기 대란에 다시 주목 받는  하남 유니온파크 ,Social
전국 맑고 출근길 기온  뚝  큰 일교차 유의,Social
용산 상인들  주말 집회로 손님 다 끊겼다    주민도  소음에 이명 시달려 ,Social
나도 모르는 새  비흡연자 니코틴 검출 급증,Social
구속 만료돼 석방된 김만배  묵묵부답 ,Social
서울대병원 건보 콜센터 화물연대 학교급식  줄파업,Social
 물동량 세계 위  수성 나선 인천공항,Social
 대학생 녹화공작      년 폐지했다더니   년 더 자행,Social
송영길  선거법 위반  송치에     보완수사 요구,Social
 노영민 취업 청탁 의혹  국토부 등 압수수색,Social
  네바다주 대법관에 첫 한국계 퍼트리샤 리 임명  노숙 학대 역경이 날 단단하게 만들었다 ,Social
의료파업에 일부 수술 연기  화물연대는 오늘부터 무기한 돌입,Social
 천화동인 그분  아는 김만배 석방   법정서 모든 것 말하겠다 ,Social
영국 독일 확 줄었는데  한국 그대로   중대재해법  이게 달랐다,Social
유서조차 안 남기고 죽은 영재 아들      이런 죽음 급증  왜,Social
출소한 김만배  소란 일으켜 송구  천화동인 실소유주 대답은 피해,Social
대구시     통합 신공항 특별법     년 내 통과 위해 총력전 펼친다,Social
한국 원전 블루오션     국가산단 반드시 경주에,Social
 서해뱃길  동북아 물길 여는 교두보 될 것 ,Social
 대장동 핵심  김만배 출소    소란 일으켜 송구 ,Social
독일도 무너뜨린 일본   죽음의 조  첫 경기서     역전승,Social
김만배   년 만에 출소  법률적 판단 떠나 죄송  재판 성실히 임하겠다 ,Social
대장동 김만배 출소  법률적 판단 떠나 죄송 ,Social
화물연대 총파업 돌입 정부  불법  규정,Social
직장선배 축의금  만원 냈다가  서운하게 했니  돌아온 말,Social
 대장동 핵심  김만배 출소    소란 일으켜 송구 ,Social
김만배 출소  법률적 판단 떠나 죄송 재판 성실히 임하겠다  종합 ,Social
이 시각 소방청 상황실,Social
 대리 사직서 로 직원 자른 의원실 노동위  부당 해고 ,Social
 대장동 키맨  김만배 출소  소란 일으켜 송구 ,Social
김만배  법적 판단 떠나 죄송  재판 성실히 임할것    측 지분  답 피해,Social
검찰   김혜경 법인카드  제보자 소환    이재명 현금 출처 조사,Social
김만배  구속기간 만료 석방    소란 일으켜 송구 ,Social
 대장동 키맨  김만배     일 만에 출소 첫 마디  소란 일으켜 죄송 ,Social
 대장동 키맨  김만배 석방 후 첫 말은   소란 일으켜 송구 ,Social
김만배 구속기간 만료 석방  소란 일으켜 송구 ,Social
 안전운임제  뇌관 터진다   개월 만에 또 멈추는 트럭,Social
김만배도 구속만료 석방   소란 일으켜 송구  재판 충실히 임할 것 ,Social
   세면 돌아가실 나이  인천시의원의 비하 발언,Social
  일  시 화물연대 총파업 돌입  안전운임 일몰 폐지 ,Social
 카드뉴스      년   월   일 오늘의 운세,Social
 장난삼아  권총 겨누던 경찰관   세 청년을 죽였다 그해 오늘 ,Social
기말고사 앞둔 대학가  족보 매매  기승,Social
유행 본격화에 사망도 늘어  인력 병상 확보 비상,Social
 영상  안 닫혀요  문 열고 달린  호선  한강까지 건넜다,Social
집값 하락 반영  세부담 완화 잠실 단지 보유세     줄어,Social
예견된 화물연대 총파업   년 요구  안전운임제  뭐길래,Social
 합리적 임금 폐암 대책  학교 비정규직 파업    ,Social
화물연대   무기한 총파업  돌입 전국 동시다발 출정식,Social
 연쇄 성폭행범  박병화  기초생활수급비 신청 시장  지급 않겠다 ,Social
이태원 참사  피의자  추가 입건  윗선 은 아직,Social
 단독   대장동 수사팀  이재명 본격 수사  자택 현금  진술 확보,Social
검찰  이재명 대표 배우자 김혜경씨  법카 유용 의혹  제보자 소환,Social
재학 중인 학교 여자 화장실 불법촬영 시도한 남학생 경찰 조사 중,Social
경인고속도로서 차량   대 연쇄 추돌  명 부상,Social
고교 여자화장실에 불법촬영기기 설치한   대 고교생 입건,Social
같은 학교 여자화장실에 몰카설치한 고교생   경찰  조사 중,Social
 아들 살해하겠다      신고한   경찰 오자  아들 앞 흉기 대치,Social
학교 여자화장실에 불법촬영기기 설치한 고교생,Social
지인 집 침입해 현금 훔친   대 반려견 사진에 덜미  무슨일,Social
  이재명 민주당 대표 배우자 김혜경씨 법인카드 제보자 소환,Social
경부고속도로 신갈분기점 인근서  대 추돌사고  명 경상,Social
지인 집에서 현금 훔친   대 뻔뻔하게 반려견 사진 보냈다가  덜미 ,Social
강남 성형외과서 러시아   사망  주름 펴는  수술 후 숨져,Social
 드루킹 댓글조작  김경수 가석방 두번째 무산   원유철 최흥집은 풀려나,Social
부산서 지인 집 침입해 현금 훔친   대 반려견 사진 한 장에 덜미,Social
검찰   김혜경 법인카드  제보자 소환,Social
내일부터 서울 지하철 노조 준법투쟁 열차 지연 우려,Social
고교 여자화장실에 불법촬영기기 설치 고교생 입건,Social
라이더노조  월드컵 한국 첫 경기 날 쿠팡이츠 배달 거부 ,Social
음주 차량 앞에 바리케이드  쓱   도움 준 시민 찾습니다 ,Social
위중증 환자 두 달여 만에 최다    개량백신 접종간격 단축 ,Social
 피부염 유발  여드름 연고 버젓이 판매   왜 ,Social
 성폭행범 박병화 조두순 퇴거해야    주민 반발 계속,Social
검찰   노영민 취업청탁 의혹  국토부   계열사 압수수색 종합 보 ,Social
서울지하철  호선 문 열고  개 역 운행    한강교량 건너기도,Social
 기초생활비 왜 줄었어  주민센터서 분신 시도,Social
아내 자녀도 있으면서 성매매 여의치 않자   대 감금 추행한   대,Social
양오봉 교수  전북대 총장 임용후보자  순위 당선  새희망 갖는 명문대로 ,Social
서울  호선  문 열고  개역 달렸다 온몸으로 막아선 역무원,Social
 자녀 살해  협박에 흉기 들고 경찰과 대치한   대 남성 체포,Social
검찰  이재명  자택 현금  조사 민주당  인출 내역 공개하며 반박,Social
인천시의원  고령 노동자에  패륜 망언       세면 돌아가실 나이  정리해야 ,Social
숨진   개월 딸 시신  년 숨기고 양육수당까지   지자체 신고로 덜미,Social
대장동 수사팀   김혜경 법카 의혹  제보자 참고인 조사,Social
  대 의붓딸 성폭행한  인면수심  아빠 항소심서 징역   년,Social
지인 집에서 현금 훔친   대 반려견 사진 한장에 덜미,Social
 신동욱 앵커의 시선  누가 소설을 쓰는가,Social
김경수  가석방 또 무산   원유철 최흥집은 포함,Social
정진상 구속적부심사  시간 만에 종료 내일 결과,Social
서울 지하철 노조 내일부터 준법투쟁 운행 지연 예상 종합 ,Social
피의자   명으로 확대   다음 주 일부 구속영장 검토,Social
 대리 사직서 로 직원 자른 의원실 노동위  부당 해고 ,Social
공원서 여고생에 성희롱  용의자 특정하니  현직 경찰관 ,Social
정진상  구속적부심서    쪽      남욱 진술  증거능력 없어 ,Social
 녹화 공작  연루자   년간      명  전역 후에도 프락치 강요 ,Social
전기차 천국 제주  특수 화재 진압 장비 도입,Social
지자체 복지에 불만  아들 살해하겠다  경찰과 흉기 대치한   대,Social
적자 공기업에 또  낙하산  어떻게 뽑았나 ,Social
 현장   사라진 해조류 북상하는 소라,Social
 국산  호  코로나   백신 결국 생산 중단 기존 물량은 ,Social
 현장   아산 배추밭에  해남산 상표   김장철  원산지 둔갑  횡행,Social
홍남표 창원시장  선거법 위반 혐의 검찰 소환 조사,Social
화물연대 총파업 예고   물류대란 재현되나,Social
 화재 외면  순찰차 경찰 간부  명 탑승  직무유기  등 감찰,Social
 무너지고 잠기고    월 기록적 폭우에 피해 속출,Social
공공 개발 수장  부적격   자진사퇴론  비등,Social
바다 뒤덮은 일회용품 쓰레기  치울 수가 없어요 ,Social
신분 속여 집 계약한 조두순    주민들 쇠창살 트럭으로 막았다,Social
 애 낳지마  기내서 아기 운다고 폭언한   대  집유 ,Social
 수배 차량 꼼짝 마    번호판 읽는 똑똑한      첫선,Social
피해자 수만 명 울린  편파 변제  책임 회피 변명 일관,Social
출근길 출입문 열린 채 한강 건넌  호선 역무원이 몸으로 막았다,Social
직업 잃게 될까 두려워서 파산신청   살해한   대,Social
학대 숨기려 딸 시신  년 숨긴 비정한 부모 아이 머리뼈엔 구멍,Social
 단독   대장동 수사팀  이재명 본격 수사  자택 현금  진술 확보,Social
해갈에 턱 없이 부족  지친 농민들 섬 식수난도 가중,Social
 인파 보고서 삭제 의혹  서울청 정보부장 등  명 입건,Social
이태원 참사 코로나 속   일 거리응원  즐길 것   시기상조 ,Social
임신부 하반신 마비된  구급차 사고  결국 소방대원 입건,Social
은행서 갑자기 쓰러진   대 직원 고객 심폐소생술로 살렸다,Social
 포항 겨울 초입에 폭우   침수에 산사태까지,Social
정진상 구속적부심  시간만 종료     시간 내 결과,Social
의료부터 파업 시작 정부  화물연대 파업에  군차량 투입 ,Social
분양전환 미끼로 내 집 마련 자금 가로채,Social
   이재명 수사 공식화  정치적 공동체  입증이 핵심,Social
 순식간에      도    전기차 화재 진압 장비 도입,Social
 단독        물류계열사 압수수색 민주당 다수  낙하산  취업 정황,Social
 따져보니  도로점거 집회  못 막나 안 막나 ,Social
이태원 참사  피의자  추가 입건  윗선 은 아직,Social
물류대란 코앞인데  나 몰라라  국토부,Social
 물류대란 막아라  기업들 비상체제 군  수송차량 지원,Social
정진상 구속적부심사  시간 만에 종료 늦어도   일 오후 결론,Social
 이재명 최측근  정진상 구속적부심  시간 만에 심문 마쳐,Social
새벽시간 편의점  점원에 성기 노출한   대 남성 체포 경찰 수사 중,Social
서울대병원부터 시작한 민노총 줄파업   환자 오가는데 길 막나 ,Social
민노총 총파업 돌입 병원 화물 철도 지하철 멈춰세운다,Social
수사지휘권 없애놓고  경찰 인력 배치 로 왜 대검 국정조사 ,Social
원유철 최흥집 가석방 김경수는 또 무산,Social
숨진   개월 딸 시신  년 숨기고 양육수당까지   지자체 신고로 덜미,Social
이준석측 변호인  성접대 장부      애초 존재하지 않았다 ,Social
김경수  가석방 또  무산  원유철 최흥집은 출소,Social
  대 의붓딸 성폭행한   대 아빠  징역   년  항소심서 감형,Social
국산  호 백신  두달 째  멈춤  백신 주권 어디로,Social
진실화해위원회  프락치 공작 피해자      명 확인 ,Social
문 열린채 한강까지 건넌  호선   역무원이 온몸으로 막았다,Social
    고성산불 실화혐의  한전 직원에 징역 벌금 구형,Social
복지지원 못받게 되자  아들 살해  협박한   대 남성,Social
아무리 출근길 급하다지만   출입문 고장나자 문 열고 달린 지하철,Social
 밀착카메라   정류장서  시간  입석금지가 부른 출퇴근  고생길 ,Social
 힘내 라며 건넨 반려견 사진 친구에서 범인으로,Social
 수원 발발이  박병화 생활고로 기초수급비 신청 화성시 거부 입장,Social
어린 딸 시신  년 동안 숨기고 수당 챙겨  학대  조사,Social
정진상 구속적부심  시간만에 종료   시간 내 석방 판가름 종합 ,Social
몸으로 막았다 문 열고 달린 출근길  호선 열차,Social
투신 막으려 갓길에 드럼통을   되레 교통사고 위험 ,Social
동해안엔 폭우 오는데 호남은  겨울 가뭄  심각,Social
익산에서도  대규모 개발사업    초과이익 환수 논란 ,Social
 아들 살해하겠다  흉기로 경찰 위협한 싱글대디,Social
 국민연금  국민 상대 다단계 아닌가요   청년들 쓴소리,Social
 단독  화장품 광고 속  피부과 의사  알고 보니 배우 ,Social
 단독  촛불집회 중고생 시민단체   피혐의자 로 수사 받는다,Social
  개월 딸 숨지자  년 간 시신 숨겨 아동수당은  꿀꺽 ,Social
풀려나는 김만배  남욱과  대장동 그분  놓고 공방 예고,Social
검찰  이재명 배임 의혹  서판교 터널 공사  수사 집중,Social
 지하철 문이 안 닫혀요   호선 그대로 한강까지 건넜다,Social
  천     소실  고성산불 실화 혐의 한전에 징역 벌금 구형,Social
운명 가를  그분  발언 잠시 뒤 김만배 석방,Social
 단독   아이 머리뼈에 구멍  학대 숨기려 딸 시신 숨겼나,Social
   자회사 압수수색  취업 청탁  의혹 노영민 정조준,Social
 위생  적발된 그 기업이 또 점검 전 눈속임용  택갈이 ,Social
 단독   쉰내 나도록 다시 썼다  국내 항공사  불량 기내식  납품 폭로,Social
   세면 돌아가실 나이  청소할 수 있나  인천시의원 발언 논란,Social
쇠창살에 트럭까지 조두순 이사에 주민들 거세게 반발,Social
정진상측  검찰주장 허구     도주우려 여전  구속적법성 놓고 격론,Social
고형근 시흥시 경제국장  노사 양보 타협 존중  긍정적 결말 뿌듯 ,Social
포항 울진에       안팎의 폭우 도로 유실에 산사태까지,Social
 올겨울 마늘 다 죽게 생깄십니다  가뭄에 말라가는 농심,Social
 집중취재   반세기 최악의 가을 가뭄     일 후면 물 끊겨 ,Social
 수원발발이  박병화   만원 생활수급비 신청  화성시  안 준다 ,Social
 단독   밀정활동  의혹 김순호 경찰국장도 피해자 ,Social
 단독  대학생  천 백 명 강제징집 상당수 프락치로 활용,Social
김경수  가석방 또  불허   원유철 최흥집은 출소,Social
정진상 구속적부심  시간여 만에 끝   시간내 석방 여부 판가름,Social
 실무자 말고 책임자 수사해야   명 추가 입건,Social
남부지방 가뭄 심각 제한급수 대상 지역 확대 불가피,Social
고속도로 갓길 차량서 검은 연기   경찰은 못본척  일반인이 불껐다,Social
  개월 딸 숨지자 여행가방 김치통에  년간 숨긴 부모,Social
 언론탄압 멈춰야  현업단체 비판 국경없는기자회도  유감 ,Social
서울 버스회사 여직원은 왜  나를 고발하라 고 했나 ,Social
  김경수 가석방 또 무산   원유철 최흥집은 이달   일 출소,Social
제주로 연수 떠난 완주군 이장들  여성 가이드에  추태  물의,Social
  리포트  반려견 학대 의심 사망  주거 침입  남자친구가 ,Social
 구조 골든타임 밤   시     참사 실무자로 수사 범위 확 넓힌 특수본,Social
불청객 떼까마귀     마리 출몰  수원시   배설물 테러  골머리,Social
   세면 돌아가실 나이  한민수 인천시의원 발언  논란 ,Social
김경수  가석방 또 무산 원유철 최흥집은 출소,Social
 누가 애 낳으래   기내서 아기 운다고 욕설 폭행   대  집유 ,Social
출입문 열고 달린 지하철  호선  직원들이 온몸으로 막았다 ,Social
 서해 피격  서훈 조사 불발 검찰 수사  문 전 대통령 향할까,Social
 드루킹 댓글 조작  김경수 가석방 또 불허  원유철 최흥집 통과,Social
 팩트맨 유동규도 남욱도 자정  땡 하면 출소하는 이유 ,Social
 뉴스프라임  화물연대 내일 총파업 예고  당정 협의 규탄 ,Social
 조두순 이사 막아라  철벽 봉쇄 계약 파기 통보,Social
 단독      화장품 광고 속 피부과 의사 알고 보니 배우    리포트 ,Social
 아빠  나 사채업자에 끌려왔어  딸 전화에 은행 달려간    알고 보니 보이스피싱,Social
 뉴있저  화물연대 총파업       안전운임제가 뭐길래 ,Social
 자신없으면 애 낳지 마  항공기서 욕하고 침뱉은   대  집유 ,Social
일상 막는 도로 점거 집회 막을 길 없나 ,Social
김경수 전 경남지사 가석방 또  불허    원유철 등은 가석방,Social
 이젠 꼭  바꾸자 놀이공원 마트 위태위태한  오픈런 ,Social
원유철 최홍집 가석방 확정 김경수는 또 불허,Social
영동고속도로  중 추돌로  명 사상  차 사고로 인명피해 커,Social
접촉사고 뒤 졸음운전 차에  중 추돌  명 참변,Social
  개월 된 딸 숨지자  년간 시신 숨겨 친정집 시댁으로 옮기기도,Social
 김포골드라인  전동차에 연기 출근길 대피 소동,Social
 남친 있어   전자팔찌 차고   세에게 접근한   대 ,Social
 힌남노  두 달 만에 포항  집중호우로   월 물난리,Social
다이어트 특효라더니 중국산 저질 분말로  짝퉁 시서스    만 병 팔아,Social
